mkw_addr,wsr_addr,how,mkw_symbol,uses
0x800060A4,0x80006310,func,__start,
0x80006348,0x800065C0,func,__init_hardware,
0x800077C8,,text,StrapScene::CheckInput,1
0x8000A000,,text,0x8000a000,1
0x8000A400,,text,,1
0x80011620,0x8000CE28,func,__FileWrite,
0x80015500,0x80012DB8,func,__write_console,
0x8002001C,0x8001B408,func,0x8002001c,
0x80044B30,0x80133A30,func,GXEnd,
0x80048C30,0x80138110,func,GXEnd,
0x800847C0,0x801A2E60,func,nw4r::lyt::detail::DrawQuad,
0x80084D20,0x801A33C0,func~0.54,nw4r::lyt::detail::DrawQuad,
0x800A35E0,,text,nw4r::snd::SoundPlayer::SetVolume,4
0x800AF180,0x8010BC00,func,nw4r::ut::List_GetNext,
0x800BD860,0x80100890,func,thunk_0x800bc440,
0x80123F88,0x800614C0,func,AIRegisterDMACallback,
0x80123FCC,0x80061510,func,AIInitDMA,
0x80124048,0x80061590,func,AIStartDMA,
0x8012405C,0x800615B0,func,AIGetDMABytesLeft,
0x8012406C,0x800615C0,func,AIGetDMAStartAddr,
0x80124084,0x800615E0,func,AIGetDMALength,
0x80124094,0x800615F0,func,AICheckInit,
0x8012409C,,text,AIGetDSPSampleRate,3
0x801240B0,0x80061600,func,AIInit,
0x80126948,0x800640D0,func,__AXDSPInitCallback,
0x80126954,0x800640E0,func,__AXDSPResumeCallback,
0x801269A8,0x80064140,func~0.75,__AXDSPRequestCallback,
0x801269B8,0x80064150,func~1.00,0x801269b8,
0x801269BC,0x80064160,func~0.49,__AXOutInitDSP,
0x8012B830,0x800691B0,func~0.95,AXFXReverbStdExpCallback,
0x8012E574,0x8006BFC0,func,PPCMfhid0,
0x8012E57C,0x8006BFD0,func,PPCMthid0,
0x8012E594,0x8006C000,func,PPCMtdec,
0x8012E59C,0x8006C010,func,PPCSync,
0x8012E5A4,0x8006C020,name,PPCHalt,
0x8012E5B8,0x8006C040,func,PPCMtmmcr0,
0x8012E5C0,0x8006C050,func,PPCMtmmcr1,
0x8012E5C8,0x8006C060,func,PPCMtpmc1,
0x8012E5D0,0x8006C070,func,PPCMtpmc2,
0x8012E5D8,0x8006C080,func,PPCMtpmc3,
0x8012E5E0,0x8006C090,func,PPCMtpmc4,
0x8012E630,0x8006C0F0,func,PPCMfhid2,
0x8012E638,0x8006C100,func,PPCMthid2,
0x8012E640,0x8006C110,func,PPCMfwpar,
0x8012E64C,0x8006C120,func,PPCMtwpar,
0x8012E654,0x8006C130,func,PPCDisableSpeculation,
0x8012E684,0x8006C170,func,PPCMthid4,
0x801301B4,0x8006DD60,func,GKI_delay,
0x8013A300,0x80078014,func,BTM_IsDeviceUp,
0x8015BC80,,text,contentFastOpenNAND,1
0x8015BCF8,,text,contentReadNAND,1
0x8015D3FC,0x80099AA0,func,DSPCheckMailToDSP,
0x8015D40C,0x80099AB0,func,RVL::DSPCheckMailFromDSP,
0x8015D41C,0x80099AC0,func,RVL::DSPReadMailFromDSP,
0x8015D430,0x80099AE0,func,DSPSendMailToDSP,
0x8015D444,0x80099B00,func,DSPInit,
0x8015D504,0x80099BC0,func,DSPCheckInit,
0x8015D50C,0x80099BD0,func~0.93,DSPAddTask,
0x8015D57C,0x80099C40,func,DSPAssertTask,
0x8015DC60,0x8009A330,func,__DSP_boot_task,
0x8015DF1C,0x8009A5F0,func~0.42,__DVDFSInit,
0x8015E74C,0x8009AE60,func,DVD::ReadAsyncPrio,
0x8015E834,0x8009AF50,func,DVDReadPrio,
0x8015EA1C,0x8009B160,func~0.98,DVD::Init,
0x801628CC,0x8009F0F0,func~0.98,DVD::ReadAbsAsyncPrio,
0x801643FC,0x800A0E10,func~0.83,__DVDCheckDevice,
0x80164848,0x800A1260,func,DVD::LowInit,
0x80164AAC,0x800A14D0,func~0.96,DVD::LowReadDiskID,
0x80165708,0x800A2160,func~0.98,DVD::LowUnencryptedRead,
0x80165A30,0x800A24A0,func~0.97,DVD::LowInquiry,
0x80166330,0x800A2DE0,func~0.98,DVD::LowRead,
0x80166964,0x800A35C0,func~0.94,DVD::LowClearCoverInterrupt,
0x801671D0,0x800A4C90,func,ESP_InitLib,
0x80167224,0x800A4CF0,func,ESP_CloseLib,
0x80167904,0x800A51B0,func~0.82,ESP_GetDataDir,
0x8016799C,0x800A5250,func,ESP_GetTitleId,
0x80167E78,0x8002E290,func~0.90,SetExiInterruptMask,
0x80167F68,0x8002E380,func,RVL::EXIImm,
0x80168288,0x8002E6B0,func,RVL::EXIDma,
0x80168380,0x8002E7B0,func,RVL::EXISync,
0x801689D0,0x8002EE20,func~0.94,RVL::EXISelect,
0x80168B00,0x8002EF50,func~0.93,RVL::EXIDeselect,
0x80168FA0,0x8002F400,func,EXIInit,
0x80169260,0x8002F6D0,func,RVL::EXIUnlock,
0x80169BCC,0x80030060,func,ISFS::OpenLib,
0x8016B49C,0x80031A20,func~0.81,__GX::DefaultTexRegionCallback,
0x8016B590,0x80031B10,func,__GX::DefaultTlutRegionCallback,
0x8016B5B4,0x80031B40,func~0.95,__GX::Shutdown,
0x8016B720,0x80031CB0,func~0.95,__GX::InitRevisionBits,
0x8016B850,0x80031DE0,func~0.87,GX::Init,
0x8016C668,0x80032BB0,func~0.99,GX::CPInterruptHandler,
0x8016C7C8,0x80032D10,func,GX::InitFifoBase,
0x8016C94C,0x80032EA0,func~0.88,GX::SetCPUFifo,
0x8016CB2C,0x80033080,func~0.85,GX::SetGPFifo,
0x8016CDBC,0x80033310,func~0.98,__GX::SaveFifo,
0x8016CF10,0x80033470,func~0.89,GX::GetCPUFifo,
0x8016D054,0x800335D0,func,GX::SetBreakPtCallback,
0x8016D098,0x80033620,func,GX::EnableBreakPt,
0x8016D138,0x800336C0,func,GX::DisableBreakPt,
0x8016D180,0x80033710,func,__GX::FifoInit,
0x8016D1FC,0x80033790,func~0.96,__GX::CleanGPFifo,
0x8016D3A4,0x80033940,func,GX::SetVtxDesc,
0x8016D3C0,0x8003395C,inside-func,GX::SetVtxDesc_switch,
0x8016D3C4,0x80033960,inside-func,GX::SetVtxDesc_caseD_0,
0x8016D3D8,0x80033974,inside-func,GX::SetVtxDesc_caseD_1,
0x8016D3EC,0x80033988,inside-func,GX::SetVtxDesc_caseD_2,
0x8016D400,0x8003399C,inside-func,GX::SetVtxDesc_caseD_3,
0x8016D414,0x800339B0,inside-func,GX::SetVtxDesc_caseD_4,
0x8016D428,0x800339C4,inside-func,GX::SetVtxDesc_caseD_5,
0x8016D43C,0x800339D8,inside-func,GX::SetVtxDesc_caseD_6,
0x8016D450,0x800339EC,inside-func,GX::SetVtxDesc_caseD_7,
0x8016D464,0x80033A00,inside-func,GX::SetVtxDesc_caseD_8,
0x8016D478,0x80033A14,inside-func,GX::SetVtxDesc_caseD_9,
0x8016D48C,0x80033A28,inside-func,GX::SetVtxDesc_caseD_a,
0x8016D4C0,0x80033A5C,inside-func,GX::SetVtxDesc_caseD_19,
0x8016D4F4,0x80033A90,inside-func,GX::SetVtxDesc_caseD_b,
0x8016D508,0x80033AA4,inside-func,GX::SetVtxDesc_caseD_c,
0x8016D51C,0x80033AB8,inside-func,GX::SetVtxDesc_caseD_d,
0x8016D530,0x80033ACC,inside-func,GX::SetVtxDesc_caseD_e,
0x8016D544,0x80033AE0,inside-func,GX::SetVtxDesc_caseD_f,
0x8016D558,0x80033AF4,inside-func,GX::SetVtxDesc_caseD_10,
0x8016D56C,0x80033B08,inside-func,GX::SetVtxDesc_caseD_11,
0x8016D580,0x80033B1C,inside-func,GX::SetVtxDesc_caseD_12,
0x8016D594,0x80033B30,inside-func,GX::SetVtxDesc_caseD_13,
0x8016D5A8,0x80033B44,inside-func,GX::SetVtxDesc_caseD_14,
0x8016D5B8,0x80033B54,inside-func,GX::SetVtxDesc_caseD_15,
0x8016D608,0x80033BB0,manual,GX::SetVtxDescv,
0x8016D814,0x80033DC0,func~0.73,__GX::SetVCD,
0x8016D8C4,0x80033E70,func,__GX::CalculateVLim,
0x8016D9F0,0x80033FA0,func,GX::GetVtxDesc,
0x8016DA0C,0x80033FBC,inside-func,GX::GetVtxDesc_switch,
0x8016DA10,0x80033FC0,inside-func,GX::GetVtxDesc_caseD_0,
0x8016DA20,0x80033FD0,inside-func,GX::GetVtxDesc_caseD_1,
0x8016DA30,0x80033FE0,inside-func,GX::GetVtxDesc_caseD_2,
0x8016DA40,0x80033FF0,inside-func,GX::GetVtxDesc_caseD_3,
0x8016DA50,0x80034000,inside-func,GX::GetVtxDesc_caseD_4,
0x8016DA60,0x80034010,inside-func,GX::GetVtxDesc_caseD_5,
0x8016DA70,0x80034020,inside-func,GX::GetVtxDesc_caseD_6,
0x8016DA80,0x80034030,inside-func,GX::GetVtxDesc_caseD_7,
0x8016DA90,0x80034040,inside-func,GX::GetVtxDesc_caseD_8,
0x8016DAA0,0x80034050,inside-func,GX::GetVtxDesc_caseD_9,
0x8016DAB0,0x80034060,inside-func,GX::GetVtxDesc_caseD_a,
0x8016DAD4,0x80034084,inside-func,GX::GetVtxDesc_caseD_19,
0x8016DAF8,0x800340A8,inside-func,GX::GetVtxDesc_caseD_b,
0x8016DB08,0x800340B8,inside-func,GX::GetVtxDesc_caseD_c,
0x8016DB18,0x800340C8,inside-func,GX::GetVtxDesc_caseD_d,
0x8016DB28,0x800340D8,inside-func,GX::GetVtxDesc_caseD_e,
0x8016DB38,0x800340E8,inside-func,GX::GetVtxDesc_caseD_f,
0x8016DB48,0x800340F8,inside-func,GX::GetVtxDesc_caseD_10,
0x8016DB58,0x80034108,inside-func,GX::GetVtxDesc_caseD_11,
0x8016DB68,0x80034118,inside-func,GX::GetVtxDesc_caseD_12,
0x8016DB78,0x80034128,inside-func,GX::GetVtxDesc_caseD_13,
0x8016DB88,0x80034138,inside-func,GX::GetVtxDesc_caseD_14,
0x8016DB98,0x80034148,inside-func,GX::GetVtxDesc_caseD_15,
0x8016DBA4,0x80034160,func,GX::GetVtxDescv,
0x8016DC34,0x800341F0,func,GX::ClearVtxDesc,
0x8016DC68,0x80034230,func~0.99,GX::SetVtxAttrFmt,
0x8016DC94,0x8003425C,inside-func,GX::SetVtxAttrFmt_switch,
0x8016DC98,0x80034260,inside-func,GX::SetVtxAttrFmt_caseD_9,
0x8016DCB0,0x80034278,inside-func,GX::SetVtxAttrFmt_caseD_19,
0x8016DCEC,0x800342B4,inside-func,GX::SetVtxAttrFmt_caseD_b,
0x8016DD00,0x800342C8,inside-func,GX::SetVtxAttrFmt_caseD_c,
0x8016DD14,0x800342DC,inside-func,GX::SetVtxAttrFmt_caseD_d,
0x8016DD2C,0x800342F4,inside-func,GX::SetVtxAttrFmt_caseD_e,
0x8016DD44,0x8003430C,inside-func,GX::SetVtxAttrFmt_caseD_f,
0x8016DD5C,0x80034324,inside-func,GX::SetVtxAttrFmt_caseD_10,
0x8016DD74,0x8003433C,inside-func,GX::SetVtxAttrFmt_caseD_11,
0x8016DD94,0x8003435C,inside-func,GX::SetVtxAttrFmt_caseD_12,
0x8016DDAC,0x80034374,inside-func,GX::SetVtxAttrFmt_caseD_13,
0x8016DDC4,0x8003438C,inside-func,GX::SetVtxAttrFmt_caseD_14,
0x8016DDD8,0x800343A0,inside-func,GX::SetVtxAttrFmt_caseD_15,
0x8016DE08,0x800343D0,manual,GX::SetVtxAttrFmtv,
0x8016DE48,0x80034414,inside-func,GX::SetVtxAttrFmtv_switch,
0x8016DE4C,0x80034418,inside-func,GX::SetVtxAttrFmtv_caseD_9,
0x8016DE64,0x80034430,inside-func,GX::SetVtxAttrFmtv_caseD_19,
0x8016DEA0,0x8003446C,inside-func,GX::SetVtxAttrFmtv_caseD_b,
0x8016DEB4,0x80034480,inside-func,GX::SetVtxAttrFmtv_caseD_c,
0x8016DEC8,0x80034494,inside-func,GX::SetVtxAttrFmtv_caseD_d,
0x8016DEE0,0x800344AC,inside-func,GX::SetVtxAttrFmtv_caseD_e,
0x8016DEF8,0x800344C4,inside-func,GX::SetVtxAttrFmtv_caseD_f,
0x8016DF10,0x800344DC,inside-func,GX::SetVtxAttrFmtv_caseD_10,
0x8016DF28,0x800344F4,inside-func,GX::SetVtxAttrFmtv_caseD_11,
0x8016DF48,0x80034514,inside-func,GX::SetVtxAttrFmtv_caseD_12,
0x8016DF60,0x8003452C,inside-func,GX::SetVtxAttrFmtv_caseD_13,
0x8016DF78,0x80034544,inside-func,GX::SetVtxAttrFmtv_caseD_14,
0x8016DF8C,0x80034558,inside-func,GX::SetVtxAttrFmtv_caseD_15,
0x8016DFCC,0x800345A0,func~0.97,__GX::SetVAT,
0x8016E04C,0x80034620,func~0.94,GX::GetVtxAttrFmt,
0x8016E078,0x8003464C,inside-func,GX::GetVtxAttrFmt_switch,
0x8016E07C,0x80034650,inside-func,GX::GetVtxAttrFmt_caseD_9,
0x8016E0A4,0x80034678,inside-func,GX::GetVtxAttrFmt_caseD_19,
0x8016E118,0x800346DC,inside-func,GX::GetVtxAttrFmt_caseD_b,
0x8016E13C,0x80034700,inside-func,GX::GetVtxAttrFmt_caseD_c,
0x8016E160,0x80034724,inside-func,GX::GetVtxAttrFmt_caseD_d,
0x8016E188,0x8003474C,inside-func,GX::GetVtxAttrFmt_caseD_e,
0x8016E1B0,0x80034774,inside-func,GX::GetVtxAttrFmt_caseD_f,
0x8016E1C4,0x80034788,inside-func,,
0x8016E1D8,0x8003479C,inside-func,GX::GetVtxAttrFmt_caseD_10,
0x8016E200,0x800347C4,inside-func,GX::GetVtxAttrFmt_caseD_11,
0x8016E228,0x800347EC,inside-func,GX::GetVtxAttrFmt_caseD_12,
0x8016E250,0x80034814,inside-func,GX::GetVtxAttrFmt_caseD_13,
0x8016E278,0x8003483C,inside-func,GX::GetVtxAttrFmt_caseD_14,
0x8016E2A0,,text,GX::GetVtxAttrFmt_caseD_15,4
0x8016E2B8,0x80034880,func,GX::GetVtxAttrFmtv,
0x8016E32C,0x80034900,func~0.94,GX::SetArray,
0x8016E37C,0x80034950,func~0.37,GX::SetTexCoordGen2,
0x8016E3A4,0x80034978,inside-func,GX::SetTexCoordGen2_switch,
0x8016E3A8,,text,GX::SetTexCoordGen2_caseD_0,4
0x8016E3B4,,text,GX::SetTexCoordGen2_caseD_1,4
0x8016E3C0,,text,GX::SetTexCoordGen2_caseD_2,4
0x8016E3CC,,text,GX::SetTexCoordGen2_caseD_3,4
0x8016E3D8,,text,GX::SetTexCoordGen2_caseD_13,4
0x8016E3E0,0x80034A20,inside-func,GX::SetTexCoordGen2_caseD_14,
0x8016E3E8,,text,GX::SetTexCoordGen2_caseD_4,4
0x8016E3F0,,text,GX::SetTexCoordGen2_caseD_5,4
0x8016E3F8,,text,GX::SetTexCoordGen2_caseD_6,4
0x8016E400,,text,GX::SetTexCoordGen2_caseD_7,4
0x8016E408,,text,GX::SetTexCoordGen2_caseD_8,4
0x8016E410,,text,GX::SetTexCoordGen2_caseD_9,4
0x8016E418,,text,GX::SetTexCoordGen2_caseD_a,4
0x8016E420,,text,GX::SetTexCoordGen2_caseD_b,4
0x8016E424,,text,GX::SetTexCoordGen2_caseD_10,4
0x8016E514,,text,GX::SetTexCoordGen2_switch,4
0x8016E518,,text,GX::SetTexCoordGen2_caseD_0,4
0x8016E528,,text,GX::SetTexCoordGen2_caseD_1,4
0x8016E538,,text,GX::SetTexCoordGen2_caseD_2,4
0x8016E548,,text,GX::SetTexCoordGen2_caseD_3,4
0x8016E558,,text,GX::SetTexCoordGen2_caseD_4,4
0x8016E568,,text,GX::SetTexCoordGen2_caseD_5,4
0x8016E578,,text,GX::SetTexCoordGen2_caseD_6,4
0x8016E588,,text,,4
0x8016E5A4,0x80034BA0,func,GX::SetNumTexGens,
0x8016E654,0x80034C50,func~0.96,GX::Flush,
0x8016E6B0,0x80034CB0,func,GX::ResetWriteGatherPipe,
0x8016E6E4,0x80034CF0,func~0.98,__GX::Abort,
0x8016E848,0x80034E60,func~0.97,GX::AbortFrame,
0x8016E9FC,0x80035020,func~0.98,GX::SetDrawSync,
0x8016EAB0,0x800350E0,func~0.73,GX::DrawDone,
0x8016EB70,0x800351B0,func,GX::PixModeSync,
0x8016EB94,0x800351E0,func,GX::PokeAlphaMode,
0x8016EBA4,0x800351F0,func~0.83,GX::PokeAlphaUpdate,
0x8016EBBC,0x80035210,func,GX::PokeAlphaUpdate,
0x8016EBD0,0x80035230,func,GX::PokeBlendMode,
0x8016EC2C,0x80035290,func,GX::PokeColorUpdate,
0x8016EC40,0x800352B0,func,GX::PokeDstAlpha,
0x8016EC58,0x800352D0,func,GX::PokeDither,
0x8016EC6C,0x800352F0,func,GX::PokeZMode,
0x8016ECCC,0x80035380,func,GX::TokenInterruptHandler,
0x8016ED08,0x800353BC,inside-func,,
0x8016ED50,0x80035410,func,GX::SetDrawDoneCallback,
0x8016ED94,0x80035460,func,GX::FinishInterruptHandler,
0x8016EE14,0x800354E0,func,__GX::PEInit,
0x8016EE78,0x80035550,func~0.97,__GX::SetDirtyState,
0x8016F0F0,0x800357D0,func~0.99,GX::Begin,
0x8016F23C,,text,__GX::SendFlushPrim,4
0x8016F314,0x80035A00,func,GX::SetLineWidth,
0x8016F348,0x80035A40,func,GX::SetPointSize,
0x8016F37C,0x80035A80,func,GX::EnableTexOffsets,
0x8016F3B8,0x80035AC0,func,GX::SetCullMode,
0x8016F3E0,0x80035B10,manual,GX::SetCoPlanar,
0x8016F414,0x80035B50,func,__GX::SetGenMode,
0x8016F438,0x80035B80,func~0.62,GX::SetDispCopySrc,
0x8016F478,0x80035BC0,func~0.62,GX::SetTexCopySrc,
0x8016F4B8,0x80035C00,func,GX::SetDispCopyDst,
0x8016F4DC,0x80035C30,func~0.77,GX::SetTexCopyDst,
0x8016F5F8,0x80035D40,func,GX::SetDispCopyFrame2Field,
0x8016F618,0x80035D60,func,GX::SetCopyClamp,
0x8016FA40,0x800361A0,func,GX::SetCopyFilter,
0x8016FC24,0x80036390,func,GX::SetDispCopyGamma,
0x8016FC38,0x800363B0,func~0.99,GX::CopyDisp,
0x8016FD74,0x800364F0,func~0.99,GX::CopyTex,
0x8016FECC,0x80036650,func~0.93,GX::ClearBoundingBox,
0x80170320,0x80036AE0,func~0.73,GX::LoadLightObjImm,
0x8017039C,0x80036BA0,func~0.80,GX::SetChanAmbColor,
0x80170474,0x80036C80,func~0.80,GX::SetChanMatColor,
0x8017054C,0x80036D60,func,GX::SetNumChans,
0x80170570,0x80036D90,func~0.85,GX::SetChanCtrl,
0x801707F8,0x80037030,func~0.85,GX::InitTexObj,
0x80170938,0x80037170,inside-func,GX::InitTexObj_switch,
0x8017093C,0x80037174,inside-func,GX::InitTexObj_caseD_0,
0x80170950,0x80037188,inside-func,GX::InitTexObj_caseD_1,
0x80170964,0x8003719C,inside-func,GX::InitTexObj_caseD_3,
0x80170978,0x800371B0,inside-func,GX::InitTexObj_caseD_6,
0x8017098C,0x800371C4,inside-func,GX::InitTexObj_caseD_e,
0x801709A0,0x800371D8,inside-func,GX::InitTexObj_caseD_7,
0x80170A04,0x80037240,func,GX::InitTexObjCI,
0x80170A4C,0x80037290,func,GX::InitTexObjLOD,
0x80170B50,0x800373B0,func,GX::InitTexObjWrapMode,
0x80170B64,0x800373D0,func,GX::InitTexObjTlut,
0x80170B6C,0x800373E0,func,GX::InitTexObjFilter,
0x80170B94,,text,GX::InitTexObjLODBias,3
0x80170BE8,0x80037410,func,GX::InitTexObjUserData,
0x80170BF8,0x80037430,func~0.48,GX::GetTexObjAll,
0x80170CBC,0x80037520,func~0.50,GX::GetTexObjLODAll,
0x80170DC8,0x80037610,func,GX::LoadTexObjPreLoaded,
0x80170F2C,0x80037780,func,GX::LoadTexObj,
0x80170F80,0x800377E0,func,GX::InitTlutObj,
0x80170FA8,0x80037810,func~0.84,GX::LoadTlut,
0x80171110,0x80037980,func~0.61,GX::InvalidateTexAll,
0x80171180,0x80037A10,func~0.97,GX::SetTexCoordScaleManually,
0x801711FC,0x80037B00,func~0.96,GX::SetTexCoordBias,
0x801712F0,0x80037C00,func~0.89,__GX::SetSUTexRegs,
0x80171458,0x80037D70,func~0.93,__GX::SetTmemConfig,
0x801717AC,0x800380C0,func,GX::SetTevIndirect,
0x80171814,0x80038130,func~0.36,GX::SetIndTexMtx,
0x80171968,0x80038270,func~0.88,GX::SetIndTexCoordScale,
0x80171A6C,0x80038370,func~0.85,GX::SetIndTexOrder,
0x80171B38,0x80038440,func,GX::SetNumIndStages,
0x80171B58,0x80038460,func,GX::SetTevDirect,
0x80171BA0,0x800384B0,func~0.95,GX::SetTevIndWarp,
0x80171C28,0x80038550,func,__GX::FlushTextureState,
0x80171C4C,0x80038580,func,GX::SetTevOp,
0x80171CE0,0x80038620,func,GX::SetTevColorIn,
0x80171D20,0x80038660,func,GX::SetTevAlphaIn,
0x80171D60,0x800386A0,func,GX::SetTevColorOp,
0x80171DB8,0x80038700,func,GX::SetTevAlphaOp,
0x80171E10,0x80038760,func~0.75,GX::SetTevColor,
0x80171E70,0x800387C0,func~0.36,GX::SetTevColorS10,
0x80171ED4,0x80038830,func~0.65,GX::SetTevKColor,
0x80171F30,0x80038890,func,GX::SetTevKColorSel,
0x80171F80,0x800388E0,func,GX::SetTevKAlphaSel,
0x80171FD0,0x80038930,func,GX::SetTevSwapMode,
0x8017200C,0x80038970,func~0.97,GX::SetTevSwapModeTable,
0x80172088,0x800389F0,func,GX::SetAlphaCompare,
0x801720C0,0x80038A30,func~0.82,GX::SetZTexture,
0x8017214C,0x80038AC0,func~0.95,GX::SetTevOrder,
0x801722A8,0x80038C20,func,GX::SetNumTevStages,
0x801722CC,0x80038C50,func~0.70,GX::SetFog,
0x801724F8,0x80038E80,func~0.95,GX::InitFogAdjTable,
0x8017277C,0x800390F0,func~0.95,GX::SetBlendMode,
0x801727CC,0x80039140,func,GX::SetColorUpdate,
0x801727F8,0x80039170,func,GX::SetAlphaUpdate,
0x80172824,0x800391A0,func,GX::SetZMode,
0x80172858,0x800391E0,func,GX::SetZCompLoc,
0x80172888,0x80039210,func~0.98,GX::SetPixelFmt,
0x80172930,0x800392C0,func,GX::SetDither,
0x8017295C,0x800392F0,func,GX::SetDstAlpha,
0x80172A30,0x800393D0,func~0.88,GX::DrawSphere,
0x80172E00,0x800397A0,func,GX::BeginDisplayList,
0x80172EB4,0x80039860,func,GX::EndDisplayList,
0x80172F64,0x80039910,func,GX::CallDisplayList,
0x80172FD8,0x80039990,func~0.94,__GX::SetProjection,
0x8017301C,0x800399E0,func~0.84,GX::SetProjection,
0x80173080,0x80039A50,func,GX::SetProjectionv,
0x801730CC,0x80039AA0,func,GX::GetProjectionv,
0x8017310C,0x80039AE0,func~0.85,GX::LoadPosMtxImm,
0x8017315C,0x80039B30,func~0.18,GX::LoadPosMtxIndx,
0x80173188,0x80039B60,func~0.95,GX::LoadNrmMtxImm,
0x801731E0,0x80039BC0,func~0.77,GX::LoadNrmMtxIndx3x3,
0x80173214,0x80039C00,func,GX::SetCurrentMtx,
0x80173234,0x80039C20,func~0.87,GX::LoadTexMtxImm,
0x801732E8,0x80039CE0,func~0.50,__GX::SetViewport,
0x80173378,0x80039D70,func,GX::SetViewportJitter,
0x801733B4,0x80039DB0,func,GX::SetViewport,
0x801733E0,0x80039DE0,func,GX::GetViewportv,
0x80173400,0x80039E00,func~0.75,GX::SetZScaleOffset,
0x80173430,0x80039E30,func~0.73,GX::SetScissor,
0x801734E0,0x80039EF0,func~0.47,GX::SetScissorBoxOffset,
0x8017351C,0x80039F30,func,GX::SetClipMode,
0x80173544,0x80039F60,func,__GX::SetMatrixIndex,
0x801735CC,0x80039FF0,func~0.82,GX::SetGPMetric,
0x801736F4,0x8003A108,inside-func,GX::SetGPMetric_switch,
0x801736F8,0x8003A10C,inside-func,GX::SetGPMetric_caseD_0,
0x80173718,0x8003A12C,inside-func,GX::SetGPMetric_caseD_1,
0x80173738,0x8003A14C,inside-func,GX::SetGPMetric_caseD_2,
0x80173758,0x8003A16C,inside-func,GX::SetGPMetric_caseD_3,
0x80173778,0x8003A18C,inside-func,GX::SetGPMetric_caseD_4,
0x80173798,0x8003A1AC,inside-func,GX::SetGPMetric_caseD_5,
0x801737B8,0x8003A1CC,inside-func,GX::SetGPMetric_caseD_6,
0x801737D8,0x8003A1EC,inside-func,GX::SetGPMetric_caseD_7,
0x801737F8,0x8003A20C,inside-func,GX::SetGPMetric_caseD_8,
0x80173818,0x8003A22C,inside-func,GX::SetGPMetric_caseD_9,
0x80173838,0x8003A24C,inside-func,GX::SetGPMetric_caseD_22,
0x80173858,0x8003A26C,inside-func,GX::SetGPMetric_caseD_a,
0x80173878,0x8003A28C,inside-func,GX::SetGPMetric_caseD_b,
0x80173894,0x8003A2A8,inside-func,GX::SetGPMetric_caseD_c,
0x801738B0,0x8003A2C4,inside-func,GX::SetGPMetric_caseD_d,
0x801738CC,0x8003A2E0,inside-func,GX::SetGPMetric_caseD_e,
0x801738E8,0x8003A2FC,inside-func,GX::SetGPMetric_caseD_f,
0x80173904,0x8003A318,inside-func,GX::SetGPMetric_caseD_10,
0x80173920,0x8003A334,inside-func,GX::SetGPMetric_caseD_11,
0x8017393C,0x8003A350,inside-func,GX::SetGPMetric_caseD_12,
0x80173958,0x8003A36C,inside-func,GX::SetGPMetric_caseD_13,
0x80173974,0x8003A388,inside-func,GX::SetGPMetric_caseD_14,
0x80173990,0x8003A3A4,inside-func,GX::SetGPMetric_caseD_15,
0x801739AC,0x8003A3C0,inside-func,GX::SetGPMetric_caseD_16,
0x801739C8,0x8003A3DC,inside-func,GX::SetGPMetric_caseD_17,
0x801739E4,0x8003A3F8,inside-func,GX::SetGPMetric_caseD_18,
0x80173A00,0x8003A414,inside-func,GX::SetGPMetric_caseD_19,
0x80173A1C,0x8003A430,inside-func,GX::SetGPMetric_caseD_1a,
0x80173A38,0x8003A44C,inside-func,GX::SetGPMetric_caseD_1b,
0x80173A54,0x8003A468,inside-func,GX::SetGPMetric_caseD_1c,
0x80173A70,0x8003A484,inside-func,GX::SetGPMetric_caseD_1d,
0x80173A8C,0x8003A4A0,inside-func,GX::SetGPMetric_caseD_1e,
0x80173AA8,0x8003A4BC,inside-func,GX::SetGPMetric_caseD_1f,
0x80173AC4,0x8003A4D8,inside-func,GX::SetGPMetric_caseD_20,
0x80173AE0,0x8003A4F4,inside-func,GX::SetGPMetric_caseD_21,
0x80173AF8,,text,GX::SetGPMetric_caseD_23,4
0x80173B18,0x8003A52C,inside-func,GX::SetGPMetric_switch,
0x80173B1C,0x8003A530,inside-func,GX::SetGPMetric_caseD_0,
0x80173B38,0x8003A54C,inside-func,GX::SetGPMetric_caseD_1,
0x80173B54,0x8003A568,inside-func,GX::SetGPMetric_caseD_2,
0x80173B70,0x8003A584,inside-func,GX::SetGPMetric_caseD_3,
0x80173B8C,0x8003A5A0,inside-func,GX::SetGPMetric_caseD_8,
0x80173BA8,0x8003A5BC,inside-func,GX::SetGPMetric_caseD_15,
0x80173BC4,0x8003A5D8,inside-func,GX::SetGPMetric_caseD_4,
0x80173BE0,0x8003A5F4,inside-func,GX::SetGPMetric_caseD_5,
0x80173BFC,0x8003A610,inside-func,GX::SetGPMetric_caseD_6,
0x80173C18,0x8003A62C,inside-func,GX::SetGPMetric_caseD_7,
0x80173C34,,text,GX::SetGPMetric_caseD_9,4
0x80173C64,,text,GX::SetGPMetric_caseD_a,4
0x80173C94,,text,GX::SetGPMetric_caseD_b,4
0x80173CC4,,text,GX::SetGPMetric_caseD_c,4
0x80173CF4,,text,GX::SetGPMetric_caseD_d,4
0x80173D24,,text,GX::SetGPMetric_caseD_e,4
0x80173D54,,text,GX::SetGPMetric_caseD_f,4
0x80173D84,0x8003A798,inside-func,GX::SetGPMetric_caseD_10,
0x80173DB0,0x8003A7C4,inside-func,GX::SetGPMetric_caseD_11,
0x80173DC0,0x8003A7D4,inside-func,GX::SetGPMetric_caseD_12,
0x80173DD0,0x8003A7E4,inside-func,GX::SetGPMetric_caseD_13,
0x80173DE0,0x8003A7F4,inside-func,GX::SetGPMetric_caseD_14,
0x80173DEC,0x8003A800,inside-func,GX::SetGPMetric_caseD_16,
0x80173DF8,0x8003A810,func,GX::ClearGPMetric,
0x80192F7C,0x8003A820,func,IPCInit,
0x80193010,0x8003A8C0,func,IPCReadReg,
0x80193020,0x8003A8D0,func,IPCWriteReg,
0x80193040,0x8003A900,func,IPCSetBufferLo,
0x80193478,0x8003AD50,func~0.95,IPCCltInit,
0x801937E0,0x8003B0D0,func~0.98,IOS::OpenAsync,
0x801938F8,0x8003B1F0,func~0.97,IOS::Open,
0x801938FC,0x8003B1F4,inside-func,,
0x80193A18,0x8003B320,func,IOS::CloseAsync,
0x80193AD8,0x8003B3E0,func~0.98,IOS::Close,
0x80193B80,0x8003B490,func,IOS::ReadAsync,
0x80193C80,0x8003B590,func~0.98,IOS::Read,
0x80193D88,0x8003B6A0,func,IOS::WriteAsync,
0x80193E88,0x8003B7A0,func~0.98,IOS::Write,
0x80193F90,0x8003B8B0,func,IOS::SeekAsync,
0x80194070,0x8003B990,func~0.98,IOS::Seek,
0x80194158,0x8003BA80,func,IOS::IoctlAsync,
0x80194290,0x8003BBC0,func~0.99,IOS::Ioctl,
0x801944FC,0x8003BE30,func,IOS::IoctlvAsync,
0x801945E0,0x8003BF20,func~0.98,IOS::Ioctlv,
0x801949B8,0x8003C300,func,iosCreateHeap,
0x80197380,,text,KPAD::Read,1
0x8019812C,,text,KPAD::GetUnifiedWpadStatus,1
0x8019B43C,0x8003FE20,manual,NAND::Create,
0x8019B524,0x80040020,manual,NAND::Private::CreateAsync,
0x8019B59C,0x80040120,func~0.98,NAND::Delete,
0x8019B6E4,0x80040270,func,NAND::Private::DeleteAsync,
0x8019B7A4,0x80040330,func,NAND::Read,
0x8019B80C,0x800403A0,func,NAND::ReadAsync,
0x8019B884,0x80040420,func,NAND::Write,
0x8019B8EC,0x80040490,func,NAND::WriteAsync,
0x8019B964,0x80040510,func~0.82,NAND::Seek,
0x8019BA04,0x800405B0,func~0.84,NAND::SeekAsync,
0x8019BBE0,0x80040660,manual,NAND::CreateDir,
0x8019BCC8,0x80040870,manual,NAND::Private::CreateDirAsync,
0x8019BEE8,0x80040B20,func,NAND::Move,
0x8019BF4C,0x80040B90,func,NAND::GetLength,
0x8019C048,0x80040CA0,func~0.94,NAND::GetLengthAsync,
0x8019C380,0x80041000,func,NAND::GetStatus,
0x8019C448,0x800410E0,func,NAND::Private::GetStatusAsync,
0x8019C800,0x80041460,func~0.97,NAND::Open,
0x8019C918,0x80041580,func,NAND::OpenAsync,
0x8019C990,0x80041600,func,NAND::Private::OpenAsync,
0x8019CA80,0x80041700,func,NAND::Close,
0x8019CAEC,0x80041770,func,NAND::CloseAsync,
0x8019CB74,,text,NAND::SafeOpen,1
0x8019CB80,,text,0x8019cb80,1
0x8019CF28,,text,NAND::SafeClose,1
0x8019CF30,,text,0x8019cf30,2
0x8019D104,0x80041800,func,NAND::Private::SafeOpenAsync,
0x8019D720,0x80041E10,func,NAND::SafeCloseAsync,
0x8019E18C,0x80042900,func,NAND::Init,
0x8019E390,0x80042B10,func,NAND::GetCurrentDir,
0x8019E770,0x80042F10,func,NAND::GetType,
0x8019E7B4,0x80042F60,func,NAND::Private::GetTypeAsync,
0x8019EAD0,0x800432A0,func,NAND::Check,
0x8019F33C,0x80043B40,func~0.68,OS::GetConsoleType,
0x801A00E0,0x800449C0,name,OS::ExceptionInit,
0x801A04A0,0x80044DB0,func,OS::__PSInit,
0x801A0620,0x80044F50,func~0.99,InsertAlarm,
0x801A0870,0x800451A0,func~0.96,OS::SetAlarm,
0x801A08E0,0x80045210,func,OS::SetPeriodicAlarm,
0x801A1138,0x80045BD0,func,__AIClockInit,
0x801A1358,0x80045DF0,func~0.98,OS::__InitAudioSystem,
0x801A1520,0x80045FC0,func~0.99,OS::__StopAudioSystem,
0x801A15EC,0x80046090,func,DCEnable,
0x801A1600,0x800460B0,func,DCInvalidateRange,
0x801A162C,0x800460E0,func,DCFlushRange,
0x801A165C,0x80046110,func,DCStoreRange,
0x801A168C,0x80046140,func,DCFlushRangeNoSync,
0x801A16B8,0x80046170,func,DCStoreRangeNoSync,
0x801A16E4,0x800461A0,func,DCZeroRange,
0x801A1710,0x800461D0,func,ICInvalidateRange,
0x801A1744,0x80046210,func,ICFlashInvalidate,
0x801A1754,0x80046220,func,ICEnable,
0x801A1768,0x80046240,func,__LCEnable,
0x801A1834,0x80046310,func,LCEnable,
0x801A186C,0x80046350,func,LCDisable,
0x801A1894,0x80046380,func,LCLoadBlocks,
0x801A18B8,0x800463B0,func,LCStoreBlocks,
0x801A18DC,0x800463E0,func,LCStoreData,
0x801A197C,0x80046480,func,LCQueueLength,
0x801A1988,0x80046490,func,LCQueueWait,
0x801A1AE4,0x80046600,func,OS::__CacheInit,
0x801A1E70,0x800469B0,func,OS::SetCurrentContext,
0x801A1ED8,0x80046A20,func,OS::SaveContext,
0x801A1F58,0x80046AA0,func,OS::LoadContext,
0x801A2098,0x80046BF0,func~0.89,OS::ClearContext,
0x801A20BC,0x80046C20,func,OS::InitContext,
0x801A25D0,0x80235FE8,name,OS::Report,
0x801A2660,0x80047150,func~0.97,OS::Panic,
0x801A4EC4,0x800493A0,func~0.91,OS::Fatal,
0x801A6000,0x8004A510,inside-func,,
0x801A65AC,0x8004AF10,func,OS::DisableInterrupts,
0x801A65C0,0x8004AF30,func,OS::EnableInterrupts,
0x801A65D4,0x8004AF50,func,OS::RestoreInterrupts,
0x801A65F8,0x8004AF80,func,OS::__SetInterruptHandler,
0x801A661C,0x8004AFB0,func~0.90,OS::__InterruptInit,
0x801A66E0,0x8004B080,func,SetInterruptMask,
0x801A693C,0x8004B2E0,func,OS::__MaskInterrupts,
0x801A69BC,0x8004B360,func,OS::__UnmaskInterrupts,
0x801A7000,,text,,1
0x801A72FC,0x8004B700,func,OS::InitMessageQueue,
0x801A735C,0x8004B760,func,OS::SendMessage,
0x801A7424,0x8004B830,func,OS::ReceiveMessage,
0x801A7500,,text,OS::JamMessage,3
0x801A7DFC,0x8004C0C0,func~0.93,OS::__InitMemoryProtection,
0x801A7EE4,0x8004C1D0,func,OS::LockMutex,
0x801A7FC0,0x8004C2B0,func,OS::UnlockMutex,
0x801A8088,0x8004C380,func,OS::__UnlockAllMutex,
0x801A8A50,0x8004CE20,func,OS::GetResetCode,
0x801A8A80,0x8004CE50,func,OS::ResetSystem,
0x801A961C,0x8004DA20,func~0.95,OS::__ThreadInit,
0x801A98B0,0x8004DCC0,func,OS::GetCurrentThread,
0x801A9C08,0x8004E030,func~0.93,SelectThread,
0x801A9E84,0x8004E2C0,func~0.74,OS::CreateThread,
0x801AA0F0,0x8004E530,func,RVL::OS::ExitThread,
0x801AA1D4,0x8004E620,func~0.94,OS::CancelThread,
0x801AA3AC,0x8004E800,func~0.94,OS::JoinThread,
0x801AA4EC,0x8004E950,func~0.93,OS::DetachThread,
0x801AA58C,0x8004E9F0,func~0.95,OS::ResumeThread,
0x801AA6A8,0x8004EB08,inside-func,,
0x801AA9B8,0x8004EE20,func~0.99,OS::SleepThread,
0x801AAAA4,0x8004EF10,func~0.99,OS::WakeupThread,
0x801AACA8,0x8004F180,func~0.97,OS::SleepTicks,
0x801AAD5C,0x8004F230,func,OS::GetTime,
0x801AAD7C,0x8004F260,func,OS::__GetSystemTime,
0x801AADE0,0x8004F2D0,func,OS::__TimeToSystemTime,
0x801AB75C,0x8004FC80,func,OS::SetPowerCallback,
0x801AB848,0x8004FD70,func~0.99,OS::__InitSTM,
0x801ABC0C,0x80050170,func,OS::__DefaultPowerCallback,
0x801AD1D4,,text,OS::CheckInstall,2
0x801AE4A0,,text,OS::IsTitleInstalled,2
0x801AE58C,0x80052460,func,exit,
0x801AF0DC,,text,PAD::Reset,1
0x801AF1E4,,text,PAD::Recalibrate,1
0x801AF2F0,,text,PAD::Init,1
0x801AF44C,,text,PAD::Read,1
0x801AF908,,text,PAD::ControlMotor,1
0x801B0000,,text,,1
0x801B0220,0x80052550,func~0.97,SCCheckStatus,
0x801B1BE4,0x80053F40,func,SCGetAspectRatio,
0x801B1CAC,0x80054020,func,SCGetEuRgb60Mode,
0x801B23A0,0x800547C0,func,SCGetProductArea,
0x801B2424,,text,SCGetProductCode,1
0x801B2460,,text,SCGetProductSN,1
0x801B24C8,0x80054850,func,SCGetProductGameRegion,
0x801B2DE0,0x800A3E30,func~0.94,SIInit,
0x801B3ACC,0x800A4780,func~0.88,SISetSamplingRate,
0x801B90F4,0x800567E0,func,VISetPreRetraceCallback,
0x801B9138,0x80056830,func,VISetPostRetraceCallback,
0x801B9294,0x800569A0,func~0.45,__VIInit,
0x801B94A4,0x80056BA0,func~0.91,VIInit,
0x801B9934,0x80057034,inside-func,VIInit_caseD_0,
0x801B993C,0x8005703C,inside-func,VIInit_caseD_1,
0x801B9944,0x80057044,inside-func,VIInit_caseD_2,
0x801B99EC,0x800570F0,func,VIWaitForRetrace,
0x801B9F6C,0x80057680,func~0.66,VIConfigure,
0x801BA9A4,0x800580B0,func~0.94,VIFlush,
0x801BAAB8,0x800581D0,func,VISetNextFrameBuffer,
0x801BAB24,0x80058240,func,VIGetNextFrameBuffer,
0x801BAB2C,0x80058250,func~0.97,VISetBlack,
0x801BABA4,0x800582D0,func,VIGetRetraceCount,
0x801BABAC,,text,VIGetNextField,3
0x801BAC48,0x800582E0,func,VIGetCurrentLine,
0x801BACD8,0x80058370,func,VIGetTvFormat,
0x801BAD38,0x80058430,func,VIGetDTVStatus,
0x801BF3B4,0x8001F020,func~0.72,WPADiInitSub,
0x801BF5C4,0x8001F280,func,WPAD::Init,
0x801BF634,0x8001F2F0,func,WPAD::StartSyncSimple,
0x801BF638,0x8001F300,func,WPAD::StartFastSyncSimple,
0x801BF63C,0x8001F310,func,WPAD::StopSyncSimple,
0x801BF640,0x8001F320,func,WPAD::SetSyncSimpleCallback,
0x801BF64C,0x8001F350,func,WPAD::GetStatus,
0x801C0990,0x80020670,func~0.89,WPAD::Probe,
0x801C0B54,0x80020880,func~0.69,WPAD::GetDataFormat,
0x801C0B9C,0x800208D0,func~0.62,WPAD::SetDataFormat,
0x801C0CA4,0x80020A00,func~0.93,WPAD::GetInfoAsync,
0x801C0EC4,0x80020C20,func~0.88,WPAD::ControlMotor,
0x801C0FF8,0x80020D70,func~0.95,WPADControlLed,
0x801C329C,,text,WPAD::GetDpdSensitivity,1
0x801CDB84,0x8005DF30,func,WUDGetStatus,
0x801D09CC,0x80061470,func,DEBUGPrint,
0x801D8D30,,text,NHTTPStartup,6
0x801D9E94,,text,NHTTPi_GetSystemInfoP,2
0x8020FF9C,,text,EGG::AsyncDisplay::endRender,4
0x80218C2C,,text,EGG::Decomp::decodeSZS,3
0x80219FB4,,text,EGG::Display::copyEFBtoXFB,1
0x8021B344,0x801A7AE0,inside-func,EGG::DrawGX::SetVtxState_switch,
0x8021B688,0x801A7E28,inside-func,,
0x8022E2BC,,text,EGG::LightTexture::SetupTevFinish,3
0x8023BD38,,text,EGG::ScnRenderer::CreatePath,1
0x8023DE7C,,text,EGG::Screen::FillBufferGX,1
0x8023E53C,0x801B98C8,func,EGG::Screen::SetTVModeDefault,
0x802418D0,,text,EGG::StateGX::SetViewport,1
0x80242D7C,0x801C2BE4,func~0.93,EGG::TaskThread::Run,
0x8024373C,,text,EGG::Thread::Run,1
0x80244DE0,0x806542C0,data(1v),,
0x80244EA0,0x80654860,data(1v),,
0x802574A0,0x80662920,data(interp),,
0x802574E0,0x80662960,data(interp),,
0x80257520,0x806629A0,data(interp),,
0x80257540,0x806629C0,data(interp),,
0x8027F820,0x806A1B60,manual,,
0x8029CEB0,0x8069E1C8,data(1v),,
0x8029CEF8,0x8069E210,data(1v),,
0x802A3EE8,0x806B5178,data(2v),,
0x802A3EF4,0x806B5184,data(offset+0xc),,
0x802A3F0C,0x806B519C,data(offset+0x24),,
0x802F81A0,0x8071E1E0,"bss(2v,1x)",,
0x802F8200,0x8071E240,bss(offset+0x4e0),,
0x80336278,0x8075C2B8,bss(369v),,
0x80343230,0x80769270,bss(6v),,
0x803434E0,0x80769520,bss(34v),,
0x80343740,0x8070C490,bss(4v),,
0x803437C0,0x8070C510,manual,,
0x80343DC0,0x8070CB10,bss(12v),,
0x80343DE4,0x8070CB34,bss(13v),,
0x80344090,0x8070CDE0,manual,,
0x80344094,0x8070CDE4,bss(offset+0x4),,
0x80344098,0x8070CDE8,bss(offset+0x8),,
0x803440A4,0x8070CDF4,bss(offset+0x14),,
0x803440A8,0x8070CDF8,bss(offset+0x18),,
0x803440AC,0x8070CDFC,bss(offset+0x1c),,
0x80344110,0x8070CE60,manual,,
0x80344710,0x8070D460,manual,,
0x80346D20,0x8070D760,bss(4v),,
0x80347130,0x8070DB70,bss(interp),,
0x80347498,0x8070DED8,bss(1v),,
0x803477B0,0x8070E1F0,bss(5v),,
0x803478B0,0x8070E2F0,bss(2v),,
0x80350864,0x80717E9C,bss(interp),,
0x80350866,0x80717E9E,bss(interp),,
0x80350872,0x80717EAA,bss(interp),,
0x8035087C,0x80717EB4,bss(interp),,
0x80350890,0x80717EC8,bss(interp),,
0x80385800,0x806F0B10,data(interp),,
0x80385802,0x806F0B12,data(interp),,
0x80385804,0x806F0B14,data(interp),,
0x80385920,0x806F0810,data(33v),dev/fs_fd,
0x80385928,0x806F0818,data(1v),,
0x80385AA8,0x806F0928,data(4v),,
0x80385AE0,0x806F0958,data(5v),,
0x80386000,,bss,SystemManager,1
0x80386298,0x806F4D48,bss(67v),,
0x80386448,0x806F4930,bss(3v),,
0x8038644C,0x806F4934,bss(3v),,
0x8038647C,0x806F4964,bss(3v),,
0x80386480,0x806F4968,bss(4v),,
0x80386524,0x806F4A14,bss(2v),,
0x80386528,0x806F4A18,bss(2v),,
0x80386608,0x806F4AF0,bss(3v),,
0x80386610,0x806F4AF8,"bss(6v,1x)",,
0x80386614,0x806F4AFC,"bss(10v,1x)",,
0x80386618,0x806F4B00,bss(1v),,
0x8038661C,0x806F4B04,bss(8v),,
0x80386620,0x806F4B08,bss(14v),,
0x80386624,0x806F4B0C,bss(28v),,
0x80386664,0x806F4B44,bss(8v),,
0x80386668,0x806F4B48,bss(10v),,
0x80386670,0x806F4B50,bss(27v),,
0x8038667C,,bss,,1
0x803866A0,0x806F4B7C,bss(2v),,
0x803866A8,0x806F4B84,bss(4v),,
0x803866F0,0x806F4BD0,bss(91v),,
0x80386720,0x806F4C00,bss(55v),,
0x80386724,0x806F4C04,bss(2v),,
0x80386725,0x806F4C05,bss(2v),,
0x80386770,0x806F45F0,bss(4v),,
0x80386774,0x806F45F4,bss(3v),,
0x8038677C,0x806F45FC,bss(2v),,
0x80386780,0x806F4600,bss(3v),,
0x80386784,0x806F4604,bss(36v),,
0x803867B0,0x806F4630,bss(6v),,
0x803867B1,0x806F4631,"bss(7v,1x)",,
0x803867C0,0x806F4640,bss(2v),,
0x803867C4,0x806F4644,bss(4v),,
0x803867D0,0x806F4650,bss(3v),,
0x803867D8,0x806F4658,bss(3v),,
0x803867EC,0x806F466C,bss(4v),,
0x803867F0,0x806F4670,bss(3v),,
0x80386848,0x806F46A8,bss(9v),,
0x803868A0,0x806F4700,bss(10v),,
0x803868F8,0x806F4758,bss(4v),,
0x80386918,0x806F4780,bss(6v),,
0x8038691C,0x806F4784,bss(18v),,
0x80386920,0x806F4788,bss(17v),,
0x80386934,0x806F479C,bss(8v),,
0x80386938,0x806F47A0,bss(6v),,
0x8038693C,0x806F47A4,bss(5v),,
0x80386940,0x806F47A8,bss(13v),,
0x80386948,0x806F47B0,bss(5v),,
0x803869E0,0x806F4818,bss(offset+0x2),,
0x80386B38,0x806F4828,bss(1v),,
0x80386B44,0x806F4834,bss(3v),,
0x80386BA0,0x806F4890,bss(2v),,
0x80386BA8,0x806F4898,bss(6v),,
0x80386BB4,0x806F48A4,bss(5v),,
0x80386BB8,0x806F48A8,bss(4v),,
0x80386BC0,0x806F48B0,bss(3v),,
0x80386BE4,0x806F48D4,bss(9v),,
0x80386F14,0x806F4FDC,bss(4v),,
0x80386F20,0x806F4FE8,bss(offset+0x4),,
0x80386F24,0x806F4FEC,bss(offset+0x8),,
0x80386F60,0x806F5078,bss(9v),,
0x80388588,0x806F7038,data(3v),,
0x8038858C,0x806F703C,data(1v),,
0x803886C8,0x806F6D40,data(198v),,
0x80388B80,0x806F8220,data(1v),,
0x80388BA0,0x806F8260,data(1v),,
0x80388BC0,0x806F8280,data(1v),,
0x80388BE0,0x806F82A0,data(2v),,
0x80388DE0,0x806F8410,data(offset+0x8),,
0x80399180,,other,,1
0x80529D68,,rel,MovieManager::PrepareAsync,3
0x80550CC0,,rel,THP::PlayerOpen,1
0x80550F48,,rel,THP::PlayerClose,1
0x80550F9C,,rel,THP::PlayerCalcNeedMemory,1
0x80551054,,rel,THP::PlayerSetBuffer,1
0x80551378,,rel,THP::PlayerPrepare,1
0x80551658,,rel,THP::PlayerStop,1
0x80551D38,,rel,THP::PlayerGetVideoInfo,1
0x805529A8,,rel,THP::VideoDecoder,1
0x80552A74,,rel,THP::VideoDecoderOnMemory,1
0x8055531C,,rel,RelProlog,6
0x805653D0,,rel,0x805653d0,1
0x80717150,,rel,Audio::Manager::Init,1
0x8071724C,,rel,Audio::Manager::InitSelf,1
0x80808081,,rel,,1
0x8088F400,,rel,,1
0x8088F704,,rel,,1
0x8088FDB8,,rel,,1
0x808B4C20,,rel,,1
0x809BEBA0,,other,,5
0x809BEBA4,,other,,1
0x809BEBA5,,other,,1
0x809BEBA6,,other,,1
0x809BEBA7,,other,,1
0x809BECF0,,other,,2
0x809C1830,,other,,1
0x809C183C,,other,,1
0x809C2898,,other,,1
0x81700000,,other,,5
0x817F0520,,other,,1
0x81800000,,other,,5
