mkw_addr,symbol,wsr_addr,status,via,runtime_identifier,source
0x80006348,__init_hardware,0x800065C0,matched,bytes,__init_hardware_80006348,runtime/src/hle/os/os_init.cpp
0x80015500,__write_console,0x80012DB8,matched,bytes,ConsoleWrite_HLE_80015500,runtime/src/hle/c_stdio.cpp
0x8002001C,0x8002001c,0x8001B408,matched,bytes,Stub_8002001C,runtime/src/hle/trk.cpp
0x80044B30,GXEnd,0x80133A30,matched,bytes,GX__End_80044b30,runtime/src/hle/gx/gx_vertex.cpp
0x80048C30,GXEnd,0x80138110,matched,bytes,GX__End_80048c30,runtime/src/hle/gx/gx_vertex.cpp
0x800847C0,nw4r::lyt::detail::DrawQuad,0x801A2E60,matched,bytes,nw4r__lyt__detail__DrawQuad_800847c0,runtime/src/hle/gx/gx_dl.cpp
0x80084D20,nw4r::lyt::detail::DrawQuad,0x801A33C0,matched,fuzzy:0.54,nw4r__lyt__detail__DrawQuad_80084d20,runtime/src/hle/gx/gx_dl.cpp
0x800A35E0,nw4r::snd::SoundPlayer::SetVolume,,missing,,SoundPlayerSetVolume_800a35e0,runtime/src/hle/audio/audio.cpp
0x800BD860,thunk_0x800bc440,0x80100890,matched,bytes,RFLiIsWorking_HLE_800bd860,runtime/src/hle/os/os_alarm.cpp
0x80123F88,AIRegisterDMACallback,0x800614C0,matched,bytes,AIRegisterDMACallback_80123f88,runtime/src/hle/audio/audio.cpp
0x80123FCC,AIInitDMA,0x80061510,matched,bytes,AIInitDMA_80123fcc,runtime/src/hle/audio/audio.cpp
0x80124048,AIStartDMA,0x80061590,matched,bytes,AIStartDMA_80124048,runtime/src/hle/audio/audio.cpp
0x8012405C,AIGetDMABytesLeft,0x800615B0,matched,bytes,AIGetDMABytesLeft_8012405c,runtime/src/hle/audio/audio.cpp
0x8012406C,AIGetDMAStartAddr,0x800615C0,matched,bytes,AIGetDMAStartAddr_8012406c,runtime/src/hle/audio/audio.cpp
0x80124084,AIGetDMALength,0x800615E0,matched,bytes,AIGetDMALength_80124084,runtime/src/hle/audio/audio.cpp
0x80124094,AICheckInit,0x800615F0,matched,bytes,AICheckInit_80124094,runtime/src/hle/audio/audio.cpp
0x8012409C,AIGetDSPSampleRate,,missing,,AIGetDSPSampleRate_8012409c,runtime/src/hle/audio/audio.cpp
0x801240B0,AIInit,0x80061600,matched,bytes,AIInit_801240b0,runtime/src/hle/audio/audio.cpp
0x801269BC,__AXOutInitDSP,0x80064160,matched,fuzzy:0.49,__AXOutInitDSP_801269bc,runtime/src/hle/audio/audio.cpp
0x8012B830,AXFXReverbStdExpCallback,0x800691B0,matched,fuzzy:0.95,AXFXReverbStdExpCallback_8012b830,runtime/src/hle/audio/ax_effects.cpp
0x8012E574,PPCMfhid0,0x8006BFC0,matched,bytes,PPCMfhid0_8012e574,runtime/src/hle/os/os_init.cpp
0x8012E57C,PPCMthid0,0x8006BFD0,matched,bytes,PPCMthid0_8012e57c,runtime/src/hle/os/os_init.cpp
0x8012E594,PPCMtdec,0x8006C000,matched,bytes,PPCMtdec_8012e594,runtime/src/hle/os/os_init.cpp
0x8012E59C,PPCSync,0x8006C010,matched,bytes,PPCSync_8012e59c,runtime/src/hle/os/os_init.cpp
0x8012E5A4,PPCHalt,0x8006C020,matched,name,PPCHalt_8012E5A4,runtime/src/hle/os/os_reset.cpp
0x8012E5B8,PPCMtmmcr0,0x8006C040,matched,bytes,PPCMtmmcr0_8012e5b8,runtime/src/hle/os/os_init.cpp
0x8012E5C0,PPCMtmmcr1,0x8006C050,matched,bytes,PPCMtmmcr1_8012e5c0,runtime/src/hle/os/os_init.cpp
0x8012E5C8,PPCMtpmc1,0x8006C060,matched,bytes,PPCMtpmc1_8012e5c8,runtime/src/hle/os/os_init.cpp
0x8012E5D0,PPCMtpmc2,0x8006C070,matched,bytes,PPCMtpmc2_8012e5d0,runtime/src/hle/os/os_init.cpp
0x8012E5D8,PPCMtpmc3,0x8006C080,matched,bytes,PPCMtpmc3_8012e5d8,runtime/src/hle/os/os_init.cpp
0x8012E5E0,PPCMtpmc4,0x8006C090,matched,bytes,PPCMtpmc4_8012e5e0,runtime/src/hle/os/os_init.cpp
0x8012E630,PPCMfhid2,0x8006C0F0,matched,bytes,PPCMfhid2_HLE_8012e630,runtime/src/hle/os/os_init.cpp
0x8012E638,PPCMthid2,0x8006C100,matched,bytes,PPCMthid2_8012e638,runtime/src/hle/os/os_init.cpp
0x8012E640,PPCMfwpar,0x8006C110,matched,bytes,PPCMfwpar_8012e640,runtime/src/hle/os/os_init.cpp
0x8012E64C,PPCMtwpar,0x8006C120,matched,bytes,PPCMtwpar_8012e64c,runtime/src/hle/os/os_init.cpp
0x8012E654,PPCDisableSpeculation,0x8006C130,matched,bytes,PPCDisableSpeculation_8012e654,runtime/src/hle/os/os_init.cpp
0x8012E684,PPCMthid4,0x8006C170,matched,bytes,PPCMthid4_8012e684,runtime/src/hle/os/os_init.cpp
0x801301B4,GKI_delay,0x8006DD60,matched,bytes,GKI_delay_HLE_801301b4,runtime/src/hle/os/os_init.cpp
0x8013A300,BTM_IsDeviceUp,0x80078014,matched,bytes,BTM_IsDeviceUp_HLE_8013a300,runtime/src/hle/os/os_init.cpp
0x8015D3FC,DSPCheckMailToDSP,0x80099AA0,matched,bytes,DSPCheckMailToDSP_8015d3fc,runtime/src/hle/audio/audio.cpp
0x8015D40C,RVL::DSPCheckMailFromDSP,0x80099AB0,matched,bytes,DSPCheckMailFromDSP_8015d40c,runtime/src/hle/audio/audio.cpp
0x8015D41C,RVL::DSPReadMailFromDSP,0x80099AC0,matched,bytes,DSPReadMailFromDSP_8015d41c,runtime/src/hle/audio/audio.cpp
0x8015D430,DSPSendMailToDSP,0x80099AE0,matched,bytes,DSPSendMailToDSP_8015d430,runtime/src/hle/audio/audio.cpp
0x8015D444,DSPInit,0x80099B00,matched,bytes,DSPInit_8015d444,runtime/src/hle/audio/audio.cpp
0x8015D504,DSPCheckInit,0x80099BC0,matched,bytes,DSPCheckInit_8015d504,runtime/src/hle/audio/audio.cpp
0x8015D50C,DSPAddTask,0x80099BD0,matched,fuzzy:0.93,DSPAddTask_8015d50c,runtime/src/hle/audio/audio.cpp
0x8015D57C,DSPAssertTask,0x80099C40,matched,bytes,DSPAssertTask_8015d57c,runtime/src/hle/audio/audio.cpp
0x8015DC60,__DSP_boot_task,0x8009A330,matched,bytes,__DSP_boot_task_8015dc60,runtime/src/hle/audio/audio.cpp
0x8015E74C,DVD::ReadAsyncPrio,0x8009AE60,matched,bytes,DVD__ReadAsyncPrio_HLE_8015e74c,runtime/src/hle/storage/dvd.cpp
0x8015E834,DVDReadPrio,0x8009AF50,matched,bytes,DVDReadPrio_8015E834,runtime/src/hle/storage/dvd.cpp
0x8015EA1C,DVD::Init,0x8009B160,matched,fuzzy:0.98,DVDInit_8015EA1C,runtime/src/hle/storage/dvd.cpp
0x801628CC,DVD::ReadAbsAsyncPrio,0x8009F0F0,matched,fuzzy:0.98,DVD__ReadAbsAsyncPrio_HLE_801628cc,runtime/src/hle/storage/dvd.cpp
0x801643FC,__DVDCheckDevice,0x800A0E10,matched,fuzzy:0.83,DVDCheckDevice_801643FC,runtime/src/hle/storage/dvd.cpp
0x80164848,DVD::LowInit,0x800A1260,matched,bytes,DVDLowInit_80164848,runtime/src/hle/storage/dvd.cpp
0x80164AAC,DVD::LowReadDiskID,0x800A14D0,matched,fuzzy:0.96,DVDLowReadDiskID_80164AAC,runtime/src/hle/storage/dvd.cpp
0x80165708,DVD::LowUnencryptedRead,0x800A2160,matched,fuzzy:0.98,DVDLowUnencryptedRead_80165708,runtime/src/hle/storage/dvd.cpp
0x80165A30,DVD::LowInquiry,0x800A24A0,matched,fuzzy:0.97,DVDLowInquiry_80165A30,runtime/src/hle/storage/dvd.cpp
0x80166330,DVD::LowRead,0x800A2DE0,matched,fuzzy:0.98,DVDLowRead_80166330,runtime/src/hle/storage/dvd.cpp
0x80166964,DVD::LowClearCoverInterrupt,0x800A35C0,matched,fuzzy:0.94,DVDLowClearCoverInterrupt_80166964,runtime/src/hle/storage/dvd.cpp
0x80167E78,SetExiInterruptMask,0x8002E290,matched,fuzzy:0.90,SetExiInterruptMask_80167e78,runtime/src/hle/os/os_interrupt.cpp
0x80167F68,RVL::EXIImm,0x8002E380,matched,bytes,EXIImm_80167f68,runtime/src/hle/os/os_interrupt.cpp
0x80168288,RVL::EXIDma,0x8002E6B0,matched,bytes,EXIDma_80168288,runtime/src/hle/os/os_interrupt.cpp
0x80168380,RVL::EXISync,0x8002E7B0,matched,bytes,EXISync_80168380,runtime/src/hle/os/os_interrupt.cpp
0x801689D0,RVL::EXISelect,0x8002EE20,matched,fuzzy:0.94,EXISelect_801689d0,runtime/src/hle/os/os_interrupt.cpp
0x80168B00,RVL::EXIDeselect,0x8002EF50,matched,fuzzy:0.93,EXIDeselect_80168b00,runtime/src/hle/os/os_interrupt.cpp
0x80168FA0,EXIInit,0x8002F400,matched,bytes,EXIInit_80168fa0,runtime/src/hle/os/os_interrupt.cpp
0x80169260,RVL::EXIUnlock,0x8002F6D0,matched,bytes,EXIUnlock_80169260,runtime/src/hle/os/os_interrupt.cpp
0x80169BCC,ISFS::OpenLib,0x80030060,matched,bytes,ISFS_OpenLib_HLE_80169BCC,runtime/src/hle/storage/nand_isfs.cpp
0x8016B49C,__GX::DefaultTexRegionCallback,0x80031A20,matched,fuzzy:0.81,__GX__DefaultTexRegionCallback_8016b49c,runtime/src/hle/gx/gx_fatal_stubs.cpp
0x8016B590,__GX::DefaultTlutRegionCallback,0x80031B10,matched,bytes,__GX__DefaultTlutRegionCallback_8016b590,runtime/src/hle/gx/gx_fatal_stubs.cpp
0x8016B5B4,__GX::Shutdown,0x80031B40,matched,fuzzy:0.95,__GX__Shutdown_8016b5b4,runtime/src/hle/gx/gx_fatal_stubs.cpp
0x8016B720,__GX::InitRevisionBits,0x80031CB0,matched,fuzzy:0.95,__GX__InitRevisionBits_8016b720,runtime/src/hle/gx/gx_stubs.cpp
0x8016B850,GX::Init,0x80031DE0,matched,fuzzy:0.87,GX__Init_8016b850,runtime/src/hle/gx/gx_init.cpp
0x8016C668,GX::CPInterruptHandler,0x80032BB0,matched,fuzzy:0.99,GX__CPInterruptHandler_8016c668,runtime/src/hle/gx/gx_fatal_stubs.cpp
0x8016C7C8,GX::InitFifoBase,0x80032D10,matched,bytes,GX__InitFifoBase_8016c7c8,runtime/src/hle/gx/gx_init.cpp
0x8016C94C,GX::SetCPUFifo,0x80032EA0,matched,fuzzy:0.88,GX__SetCPUFifo_8016c94c,runtime/src/hle/gx/gx_init.cpp
0x8016CB2C,GX::SetGPFifo,0x80033080,matched,fuzzy:0.85,GX__SetGPFifo_8016cb2c,runtime/src/hle/gx/gx_init.cpp
0x8016CDBC,__GX::SaveFifo,0x80033310,matched,fuzzy:0.98,__GX__SaveFifo_8016cdbc,runtime/src/hle/gx/gx_init.cpp
0x8016CF10,GX::GetCPUFifo,0x80033470,matched,fuzzy:0.89,GX__GetCPUFifo_8016cf10,runtime/src/hle/gx/gx_init.cpp
0x8016D054,GX::SetBreakPtCallback,0x800335D0,matched,bytes,GX__SetBreakPtCallback_8016d054,runtime/src/hle/gx/gx_fatal_stubs.cpp
0x8016D098,GX::EnableBreakPt,0x80033620,matched,bytes,GX__EnableBreakPt_8016d098,runtime/src/hle/gx/gx_fatal_stubs.cpp
0x8016D138,GX::DisableBreakPt,0x800336C0,matched,bytes,GX__DisableBreakPt_8016d138,runtime/src/hle/gx/gx_fatal_stubs.cpp
0x8016D180,__GX::FifoInit,0x80033710,matched,bytes,__GX__FifoInit_8016d180,runtime/src/hle/gx/gx_init.cpp
0x8016D1FC,__GX::CleanGPFifo,0x80033790,matched,fuzzy:0.96,__GX__CleanGPFifo_8016d1fc,runtime/src/hle/gx/gx_fatal_stubs.cpp
0x8016D3A4,GX::SetVtxDesc,0x80033940,matched,bytes,GX__SetVtxDesc_8016d3a4,runtime/src/hle/gx/gx_egg.cpp
0x8016D3C0,GX::SetVtxDesc_switch,0x8003395C,matched,label-offset,GX__SetVtxDesc_switch_8016d3c0,runtime/src/hle/gx/gx_fatal_stubs.cpp
0x8016D3C4,GX::SetVtxDesc_caseD_0,0x80033960,matched,label-offset,GX__SetVtxDesc_caseD_0_8016d3c4,runtime/src/hle/gx/gx_fatal_stubs.cpp
0x8016D3D8,GX::SetVtxDesc_caseD_1,0x80033974,matched,label-offset,GX__SetVtxDesc_caseD_1_8016d3d8,runtime/src/hle/gx/gx_fatal_stubs.cpp
0x8016D3EC,GX::SetVtxDesc_caseD_2,0x80033988,matched,label-offset,GX__SetVtxDesc_caseD_2_8016d3ec,runtime/src/hle/gx/gx_fatal_stubs.cpp
0x8016D400,GX::SetVtxDesc_caseD_3,0x8003399C,matched,label-offset,GX__SetVtxDesc_caseD_3_8016d400,runtime/src/hle/gx/gx_fatal_stubs.cpp
0x8016D414,GX::SetVtxDesc_caseD_4,0x800339B0,matched,label-offset,GX__SetVtxDesc_caseD_4_8016d414,runtime/src/hle/gx/gx_fatal_stubs.cpp
0x8016D428,GX::SetVtxDesc_caseD_5,0x800339C4,matched,label-offset,GX__SetVtxDesc_caseD_5_8016d428,runtime/src/hle/gx/gx_fatal_stubs.cpp
0x8016D43C,GX::SetVtxDesc_caseD_6,0x800339D8,matched,label-offset,GX__SetVtxDesc_caseD_6_8016d43c,runtime/src/hle/gx/gx_fatal_stubs.cpp
0x8016D450,GX::SetVtxDesc_caseD_7,0x800339EC,matched,label-offset,GX__SetVtxDesc_caseD_7_8016d450,runtime/src/hle/gx/gx_fatal_stubs.cpp
0x8016D464,GX::SetVtxDesc_caseD_8,0x80033A00,matched,label-offset,GX__SetVtxDesc_caseD_8_8016d464,runtime/src/hle/gx/gx_fatal_stubs.cpp
0x8016D478,GX::SetVtxDesc_caseD_9,0x80033A14,matched,label-offset,GX__SetVtxDesc_caseD_9_8016d478,runtime/src/hle/gx/gx_fatal_stubs.cpp
0x8016D48C,GX::SetVtxDesc_caseD_a,0x80033A28,matched,label-offset,GX__SetVtxDesc_caseD_a_8016d48c,runtime/src/hle/gx/gx_fatal_stubs.cpp
0x8016D4C0,GX::SetVtxDesc_caseD_19,0x80033A5C,matched,label-offset,GX__SetVtxDesc_caseD_19_8016d4c0,runtime/src/hle/gx/gx_fatal_stubs.cpp
0x8016D4F4,GX::SetVtxDesc_caseD_b,0x80033A90,matched,label-offset,GX__SetVtxDesc_caseD_b_8016d4f4,runtime/src/hle/gx/gx_fatal_stubs.cpp
0x8016D508,GX::SetVtxDesc_caseD_c,0x80033AA4,matched,label-offset,GX__SetVtxDesc_caseD_c_8016d508,runtime/src/hle/gx/gx_fatal_stubs.cpp
0x8016D51C,GX::SetVtxDesc_caseD_d,0x80033AB8,matched,label-offset,GX__SetVtxDesc_caseD_d_8016d51c,runtime/src/hle/gx/gx_fatal_stubs.cpp
0x8016D530,GX::SetVtxDesc_caseD_e,0x80033ACC,matched,label-offset,GX__SetVtxDesc_caseD_e_8016d530,runtime/src/hle/gx/gx_fatal_stubs.cpp
0x8016D544,GX::SetVtxDesc_caseD_f,0x80033AE0,matched,label-offset,GX__SetVtxDesc_caseD_f_8016d544,runtime/src/hle/gx/gx_fatal_stubs.cpp
0x8016D558,GX::SetVtxDesc_caseD_10,0x80033AF4,matched,label-offset,GX__SetVtxDesc_caseD_10_8016d558,runtime/src/hle/gx/gx_fatal_stubs.cpp
0x8016D56C,GX::SetVtxDesc_caseD_11,0x80033B08,matched,label-offset,GX__SetVtxDesc_caseD_11_8016d56c,runtime/src/hle/gx/gx_fatal_stubs.cpp
0x8016D580,GX::SetVtxDesc_caseD_12,0x80033B1C,matched,label-offset,GX__SetVtxDesc_caseD_12_8016d580,runtime/src/hle/gx/gx_fatal_stubs.cpp
0x8016D594,GX::SetVtxDesc_caseD_13,0x80033B30,matched,label-offset,GX__SetVtxDesc_caseD_13_8016d594,runtime/src/hle/gx/gx_fatal_stubs.cpp
0x8016D5A8,GX::SetVtxDesc_caseD_14,0x80033B44,matched,label-offset,GX__SetVtxDesc_caseD_14_8016d5a8,runtime/src/hle/gx/gx_fatal_stubs.cpp
0x8016D5B8,GX::SetVtxDesc_caseD_15,0x80033B54,matched,label-offset,GX__SetVtxDesc_caseD_15_8016d5b8,runtime/src/hle/gx/gx_fatal_stubs.cpp
0x8016D608,GX::SetVtxDescv,,missing,,GX__SetVtxDescv_8016d608,runtime/src/hle/gx/gx_vertex.cpp
0x8016D814,__GX::SetVCD,0x80033DC0,matched,fuzzy:0.73,__GX__SetVCD_8016d814,runtime/src/hle/gx/gx_fatal_stubs.cpp
0x8016D8C4,__GX::CalculateVLim,0x80033E70,matched,bytes,__GX__CalculateVLim_8016d8c4,runtime/src/hle/gx/gx_fatal_stubs.cpp
0x8016D9F0,GX::GetVtxDesc,0x80033FA0,matched,bytes,GX__GetVtxDesc_8016d9f0,runtime/src/hle/gx/gx_fatal_stubs.cpp
0x8016DA0C,GX::GetVtxDesc_switch,0x80033FBC,matched,label-offset,GX__GetVtxDesc_switch_8016da0c,runtime/src/hle/gx/gx_fatal_stubs.cpp
0x8016DA10,GX::GetVtxDesc_caseD_0,0x80033FC0,matched,label-offset,GX__GetVtxDesc_caseD_0_8016da10,runtime/src/hle/gx/gx_fatal_stubs.cpp
0x8016DA20,GX::GetVtxDesc_caseD_1,0x80033FD0,matched,label-offset,GX__GetVtxDesc_caseD_1_8016da20,runtime/src/hle/gx/gx_fatal_stubs.cpp
0x8016DA30,GX::GetVtxDesc_caseD_2,0x80033FE0,matched,label-offset,GX__GetVtxDesc_caseD_2_8016da30,runtime/src/hle/gx/gx_fatal_stubs.cpp
0x8016DA40,GX::GetVtxDesc_caseD_3,0x80033FF0,matched,label-offset,GX__GetVtxDesc_caseD_3_8016da40,runtime/src/hle/gx/gx_fatal_stubs.cpp
0x8016DA50,GX::GetVtxDesc_caseD_4,0x80034000,matched,label-offset,GX__GetVtxDesc_caseD_4_8016da50,runtime/src/hle/gx/gx_fatal_stubs.cpp
0x8016DA60,GX::GetVtxDesc_caseD_5,0x80034010,matched,label-offset,GX__GetVtxDesc_caseD_5_8016da60,runtime/src/hle/gx/gx_fatal_stubs.cpp
0x8016DA70,GX::GetVtxDesc_caseD_6,0x80034020,matched,label-offset,GX__GetVtxDesc_caseD_6_8016da70,runtime/src/hle/gx/gx_fatal_stubs.cpp
0x8016DA80,GX::GetVtxDesc_caseD_7,0x80034030,matched,label-offset,GX__GetVtxDesc_caseD_7_8016da80,runtime/src/hle/gx/gx_fatal_stubs.cpp
0x8016DA90,GX::GetVtxDesc_caseD_8,0x80034040,matched,label-offset,GX__GetVtxDesc_caseD_8_8016da90,runtime/src/hle/gx/gx_fatal_stubs.cpp
0x8016DAA0,GX::GetVtxDesc_caseD_9,0x80034050,matched,label-offset,GX__GetVtxDesc_caseD_9_8016daa0,runtime/src/hle/gx/gx_fatal_stubs.cpp
0x8016DAB0,GX::GetVtxDesc_caseD_a,0x80034060,matched,label-offset,GX__GetVtxDesc_caseD_a_8016dab0,runtime/src/hle/gx/gx_fatal_stubs.cpp
0x8016DAD4,GX::GetVtxDesc_caseD_19,0x80034084,matched,label-offset,GX__GetVtxDesc_caseD_19_8016dad4,runtime/src/hle/gx/gx_fatal_stubs.cpp
0x8016DAF8,GX::GetVtxDesc_caseD_b,0x800340A8,matched,label-offset,GX__GetVtxDesc_caseD_b_8016daf8,runtime/src/hle/gx/gx_fatal_stubs.cpp
0x8016DB08,GX::GetVtxDesc_caseD_c,0x800340B8,matched,label-offset,GX__GetVtxDesc_caseD_c_8016db08,runtime/src/hle/gx/gx_fatal_stubs.cpp
0x8016DB18,GX::GetVtxDesc_caseD_d,0x800340C8,matched,label-offset,GX__GetVtxDesc_caseD_d_8016db18,runtime/src/hle/gx/gx_fatal_stubs.cpp
0x8016DB28,GX::GetVtxDesc_caseD_e,0x800340D8,matched,label-offset,GX__GetVtxDesc_caseD_e_8016db28,runtime/src/hle/gx/gx_fatal_stubs.cpp
0x8016DB38,GX::GetVtxDesc_caseD_f,0x800340E8,matched,label-offset,GX__GetVtxDesc_caseD_f_8016db38,runtime/src/hle/gx/gx_fatal_stubs.cpp
0x8016DB48,GX::GetVtxDesc_caseD_10,0x800340F8,matched,label-offset,GX__GetVtxDesc_caseD_10_8016db48,runtime/src/hle/gx/gx_fatal_stubs.cpp
0x8016DB58,GX::GetVtxDesc_caseD_11,0x80034108,matched,label-offset,GX__GetVtxDesc_caseD_11_8016db58,runtime/src/hle/gx/gx_fatal_stubs.cpp
0x8016DB68,GX::GetVtxDesc_caseD_12,0x80034118,matched,label-offset,GX__GetVtxDesc_caseD_12_8016db68,runtime/src/hle/gx/gx_fatal_stubs.cpp
0x8016DB78,GX::GetVtxDesc_caseD_13,0x80034128,matched,label-offset,GX__GetVtxDesc_caseD_13_8016db78,runtime/src/hle/gx/gx_fatal_stubs.cpp
0x8016DB88,GX::GetVtxDesc_caseD_14,0x80034138,matched,label-offset,GX__GetVtxDesc_caseD_14_8016db88,runtime/src/hle/gx/gx_fatal_stubs.cpp
0x8016DB98,GX::GetVtxDesc_caseD_15,0x80034148,matched,label-offset,GX__GetVtxDesc_caseD_15_8016db98,runtime/src/hle/gx/gx_fatal_stubs.cpp
0x8016DBA4,GX::GetVtxDescv,0x80034160,matched,bytes,GX__GetVtxDescv_8016dba4,runtime/src/hle/gx/gx_fatal_stubs.cpp
0x8016DC34,GX::ClearVtxDesc,0x800341F0,matched,bytes,GX__ClearVtxDesc_8016dc34,runtime/src/hle/gx/gx_egg.cpp
0x8016DC68,GX::SetVtxAttrFmt,0x80034230,matched,fuzzy:0.99,GX__SetVtxAttrFmt_8016dc68,runtime/src/hle/gx/gx_egg.cpp
0x8016DC94,GX::SetVtxAttrFmt_switch,0x8003425C,matched,label-offset,GX__SetVtxAttrFmt_switch_8016dc94,runtime/src/hle/gx/gx_fatal_stubs.cpp
0x8016DC98,GX::SetVtxAttrFmt_caseD_9,0x80034260,matched,label-offset,GX__SetVtxAttrFmt_caseD_9_8016dc98,runtime/src/hle/gx/gx_fatal_stubs.cpp
0x8016DCB0,GX::SetVtxAttrFmt_caseD_19,0x80034278,matched,label-offset,GX__SetVtxAttrFmt_caseD_19_8016dcb0,runtime/src/hle/gx/gx_fatal_stubs.cpp
0x8016DCEC,GX::SetVtxAttrFmt_caseD_b,0x800342B4,matched,label-offset,GX__SetVtxAttrFmt_caseD_b_8016dcec,runtime/src/hle/gx/gx_fatal_stubs.cpp
0x8016DD00,GX::SetVtxAttrFmt_caseD_c,0x800342C8,matched,label-offset,GX__SetVtxAttrFmt_caseD_c_8016dd00,runtime/src/hle/gx/gx_fatal_stubs.cpp
0x8016DD14,GX::SetVtxAttrFmt_caseD_d,0x800342DC,matched,label-offset,GX__SetVtxAttrFmt_caseD_d_8016dd14,runtime/src/hle/gx/gx_fatal_stubs.cpp
0x8016DD2C,GX::SetVtxAttrFmt_caseD_e,0x800342F4,matched,label-offset,GX__SetVtxAttrFmt_caseD_e_8016dd2c,runtime/src/hle/gx/gx_fatal_stubs.cpp
0x8016DD44,GX::SetVtxAttrFmt_caseD_f,0x8003430C,matched,label-offset,GX__SetVtxAttrFmt_caseD_f_8016dd44,runtime/src/hle/gx/gx_fatal_stubs.cpp
0x8016DD5C,GX::SetVtxAttrFmt_caseD_10,0x80034324,matched,label-offset,GX__SetVtxAttrFmt_caseD_10_8016dd5c,runtime/src/hle/gx/gx_fatal_stubs.cpp
0x8016DD74,GX::SetVtxAttrFmt_caseD_11,0x8003433C,matched,label-offset,GX__SetVtxAttrFmt_caseD_11_8016dd74,runtime/src/hle/gx/gx_fatal_stubs.cpp
0x8016DD94,GX::SetVtxAttrFmt_caseD_12,0x8003435C,matched,label-offset,GX__SetVtxAttrFmt_caseD_12_8016dd94,runtime/src/hle/gx/gx_fatal_stubs.cpp
0x8016DDAC,GX::SetVtxAttrFmt_caseD_13,0x80034374,matched,label-offset,GX__SetVtxAttrFmt_caseD_13_8016ddac,runtime/src/hle/gx/gx_fatal_stubs.cpp
0x8016DDC4,GX::SetVtxAttrFmt_caseD_14,0x8003438C,matched,label-offset,GX__SetVtxAttrFmt_caseD_14_8016ddc4,runtime/src/hle/gx/gx_fatal_stubs.cpp
0x8016DDD8,GX::SetVtxAttrFmt_caseD_15,0x800343A0,matched,label-offset,GX__SetVtxAttrFmt_caseD_15_8016ddd8,runtime/src/hle/gx/gx_fatal_stubs.cpp
0x8016DE08,GX::SetVtxAttrFmtv,,missing,,GX__SetVtxAttrFmtv_8016de08,runtime/src/hle/gx/gx_vertex.cpp
0x8016DE48,GX::SetVtxAttrFmtv_switch,0x80034414,matched,label-offset,GX__SetVtxAttrFmtv_switch_8016de48,runtime/src/hle/gx/gx_fatal_stubs.cpp
0x8016DE4C,GX::SetVtxAttrFmtv_caseD_9,0x80034418,matched,label-offset,GX__SetVtxAttrFmtv_caseD_9_8016de4c,runtime/src/hle/gx/gx_fatal_stubs.cpp
0x8016DE64,GX::SetVtxAttrFmtv_caseD_19,0x80034430,matched,label-offset,GX__SetVtxAttrFmtv_caseD_19_8016de64,runtime/src/hle/gx/gx_fatal_stubs.cpp
0x8016DEA0,GX::SetVtxAttrFmtv_caseD_b,0x8003446C,matched,label-offset,GX__SetVtxAttrFmtv_caseD_b_8016dea0,runtime/src/hle/gx/gx_fatal_stubs.cpp
0x8016DEB4,GX::SetVtxAttrFmtv_caseD_c,0x80034480,matched,label-offset,GX__SetVtxAttrFmtv_caseD_c_8016deb4,runtime/src/hle/gx/gx_fatal_stubs.cpp
0x8016DEC8,GX::SetVtxAttrFmtv_caseD_d,0x80034494,matched,label-offset,GX__SetVtxAttrFmtv_caseD_d_8016dec8,runtime/src/hle/gx/gx_fatal_stubs.cpp
0x8016DEE0,GX::SetVtxAttrFmtv_caseD_e,0x800344AC,matched,label-offset,GX__SetVtxAttrFmtv_caseD_e_8016dee0,runtime/src/hle/gx/gx_fatal_stubs.cpp
0x8016DEF8,GX::SetVtxAttrFmtv_caseD_f,0x800344C4,matched,label-offset,GX__SetVtxAttrFmtv_caseD_f_8016def8,runtime/src/hle/gx/gx_fatal_stubs.cpp
0x8016DF10,GX::SetVtxAttrFmtv_caseD_10,0x800344DC,matched,label-offset,GX__SetVtxAttrFmtv_caseD_10_8016df10,runtime/src/hle/gx/gx_fatal_stubs.cpp
0x8016DF28,GX::SetVtxAttrFmtv_caseD_11,0x800344F4,matched,label-offset,GX__SetVtxAttrFmtv_caseD_11_8016df28,runtime/src/hle/gx/gx_fatal_stubs.cpp
0x8016DF48,GX::SetVtxAttrFmtv_caseD_12,0x80034514,matched,label-offset,GX__SetVtxAttrFmtv_caseD_12_8016df48,runtime/src/hle/gx/gx_fatal_stubs.cpp
0x8016DF60,GX::SetVtxAttrFmtv_caseD_13,0x8003452C,matched,label-offset,GX__SetVtxAttrFmtv_caseD_13_8016df60,runtime/src/hle/gx/gx_fatal_stubs.cpp
0x8016DF78,GX::SetVtxAttrFmtv_caseD_14,0x80034544,matched,label-offset,GX__SetVtxAttrFmtv_caseD_14_8016df78,runtime/src/hle/gx/gx_fatal_stubs.cpp
0x8016DF8C,GX::SetVtxAttrFmtv_caseD_15,0x80034558,matched,label-offset,GX__SetVtxAttrFmtv_caseD_15_8016df8c,runtime/src/hle/gx/gx_fatal_stubs.cpp
0x8016DFCC,__GX::SetVAT,0x800345A0,matched,fuzzy:0.97,__GX__SetVAT_8016dfcc,runtime/src/hle/gx/gx_fatal_stubs.cpp
0x8016E04C,GX::GetVtxAttrFmt,0x80034620,matched,fuzzy:0.94,GX__GetVtxAttrFmt_8016e04c,runtime/src/hle/gx/gx_fatal_stubs.cpp
0x8016E078,GX::GetVtxAttrFmt_switch,0x8003464C,matched,label-offset,GX__GetVtxAttrFmt_switch_8016e078,runtime/src/hle/gx/gx_fatal_stubs.cpp
0x8016E07C,GX::GetVtxAttrFmt_caseD_9,0x80034650,matched,label-offset,GX__GetVtxAttrFmt_caseD_9_8016e07c,runtime/src/hle/gx/gx_fatal_stubs.cpp
0x8016E0A4,GX::GetVtxAttrFmt_caseD_19,0x80034678,matched,label-offset,GX__GetVtxAttrFmt_caseD_19_8016e0a4,runtime/src/hle/gx/gx_fatal_stubs.cpp
0x8016E118,GX::GetVtxAttrFmt_caseD_b,0x800346DC,matched,label-offset,GX__GetVtxAttrFmt_caseD_b_8016e118,runtime/src/hle/gx/gx_fatal_stubs.cpp
0x8016E13C,GX::GetVtxAttrFmt_caseD_c,0x80034700,matched,label-offset,GX__GetVtxAttrFmt_caseD_c_8016e13c,runtime/src/hle/gx/gx_fatal_stubs.cpp
0x8016E160,GX::GetVtxAttrFmt_caseD_d,0x80034724,matched,label-offset,GX__GetVtxAttrFmt_caseD_d_8016e160,runtime/src/hle/gx/gx_fatal_stubs.cpp
0x8016E188,GX::GetVtxAttrFmt_caseD_e,0x8003474C,matched,label-offset,GX__GetVtxAttrFmt_caseD_e_8016e188,runtime/src/hle/gx/gx_fatal_stubs.cpp
0x8016E1B0,GX::GetVtxAttrFmt_caseD_f,0x80034774,matched,label-offset,GX__GetVtxAttrFmt_caseD_f_8016e1b0,runtime/src/hle/gx/gx_fatal_stubs.cpp
0x8016E1C4,,,missing,,GX__SetArray_8016e1c4,runtime/src/hle/gx/gx_vertex.cpp
0x8016E1D8,GX::GetVtxAttrFmt_caseD_10,0x8003479C,matched,label-offset,GX__GetVtxAttrFmt_caseD_10_8016e1d8,runtime/src/hle/gx/gx_fatal_stubs.cpp
0x8016E200,GX::GetVtxAttrFmt_caseD_11,0x800347C4,matched,label-offset,GX__GetVtxAttrFmt_caseD_11_8016e200,runtime/src/hle/gx/gx_fatal_stubs.cpp
0x8016E228,GX::GetVtxAttrFmt_caseD_12,0x800347EC,matched,label-offset,GX__GetVtxAttrFmt_caseD_12_8016e228,runtime/src/hle/gx/gx_fatal_stubs.cpp
0x8016E250,GX::GetVtxAttrFmt_caseD_13,0x80034814,matched,label-offset,GX__GetVtxAttrFmt_caseD_13_8016e250,runtime/src/hle/gx/gx_fatal_stubs.cpp
0x8016E278,GX::GetVtxAttrFmt_caseD_14,0x8003483C,matched,label-offset,GX__GetVtxAttrFmt_caseD_14_8016e278,runtime/src/hle/gx/gx_fatal_stubs.cpp
0x8016E2A0,GX::GetVtxAttrFmt_caseD_15,,label,,GX__GetVtxAttrFmt_caseD_15_8016e2a0,runtime/src/hle/gx/gx_fatal_stubs.cpp
0x8016E2B8,GX::GetVtxAttrFmtv,0x80034880,matched,bytes,GX__GetVtxAttrFmtv_8016e2b8,runtime/src/hle/gx/gx_fatal_stubs.cpp
0x8016E32C,GX::SetArray,0x80034900,matched,fuzzy:0.94,GX__SetArray_8016e32c,runtime/src/hle/gx/gx_egg.cpp
0x8016E37C,GX::SetTexCoordGen2,0x80034950,matched,fuzzy:0.37,GX__SetTexCoordGen2_8016e37c,runtime/src/hle/gx/gx_vertex.cpp
0x8016E3A4,GX::SetTexCoordGen2_switch,0x80034978,matched,label-offset,GX__SetTexCoordGen2_switch_8016e3a4,runtime/src/hle/gx/gx_fatal_stubs.cpp
0x8016E3A8,GX::SetTexCoordGen2_caseD_0,,label,,GX__SetTexCoordGen2_caseD_0_8016e3a8,runtime/src/hle/gx/gx_fatal_stubs.cpp
0x8016E3B4,GX::SetTexCoordGen2_caseD_1,,label,,GX__SetTexCoordGen2_caseD_1_8016e3b4,runtime/src/hle/gx/gx_fatal_stubs.cpp
0x8016E3C0,GX::SetTexCoordGen2_caseD_2,,label,,GX__SetTexCoordGen2_caseD_2_8016e3c0,runtime/src/hle/gx/gx_fatal_stubs.cpp
0x8016E3CC,GX::SetTexCoordGen2_caseD_3,,label,,GX__SetTexCoordGen2_caseD_3_8016e3cc,runtime/src/hle/gx/gx_fatal_stubs.cpp
0x8016E3D8,GX::SetTexCoordGen2_caseD_13,,label,,GX__SetTexCoordGen2_caseD_13_8016e3d8,runtime/src/hle/gx/gx_fatal_stubs.cpp
0x8016E3E0,GX::SetTexCoordGen2_caseD_14,0x80034A20,matched,label-offset,GX__SetTexCoordGen2_caseD_14_8016e3e0,runtime/src/hle/gx/gx_fatal_stubs.cpp
0x8016E3E8,GX::SetTexCoordGen2_caseD_4,,label,,GX__SetTexCoordGen2_caseD_4_8016e3e8,runtime/src/hle/gx/gx_fatal_stubs.cpp
0x8016E3F0,GX::SetTexCoordGen2_caseD_5,,label,,GX__SetTexCoordGen2_caseD_5_8016e3f0,runtime/src/hle/gx/gx_fatal_stubs.cpp
0x8016E3F8,GX::SetTexCoordGen2_caseD_6,,label,,GX__SetTexCoordGen2_caseD_6_8016e3f8,runtime/src/hle/gx/gx_fatal_stubs.cpp
0x8016E400,GX::SetTexCoordGen2_caseD_7,,label,,GX__SetTexCoordGen2_caseD_7_8016e400,runtime/src/hle/gx/gx_fatal_stubs.cpp
0x8016E408,GX::SetTexCoordGen2_caseD_8,,label,,GX__SetTexCoordGen2_caseD_8_8016e408,runtime/src/hle/gx/gx_fatal_stubs.cpp
0x8016E410,GX::SetTexCoordGen2_caseD_9,,label,,GX__SetTexCoordGen2_caseD_9_8016e410,runtime/src/hle/gx/gx_fatal_stubs.cpp
0x8016E418,GX::SetTexCoordGen2_caseD_a,,label,,GX__SetTexCoordGen2_caseD_a_8016e418,runtime/src/hle/gx/gx_fatal_stubs.cpp
0x8016E420,GX::SetTexCoordGen2_caseD_b,,label,,GX__SetTexCoordGen2_caseD_b_8016e420,runtime/src/hle/gx/gx_fatal_stubs.cpp
0x8016E424,GX::SetTexCoordGen2_caseD_10,,label,,GX__SetTexCoordGen2_caseD_10_8016e424,runtime/src/hle/gx/gx_fatal_stubs.cpp
0x8016E514,GX::SetTexCoordGen2_switch,,label,,GX__SetTexCoordGen2_switch_8016e514,runtime/src/hle/gx/gx_fatal_stubs.cpp
0x8016E518,GX::SetTexCoordGen2_caseD_0,,label,,GX__SetTexCoordGen2_caseD_0_8016e518,runtime/src/hle/gx/gx_fatal_stubs.cpp
0x8016E528,GX::SetTexCoordGen2_caseD_1,,label,,GX__SetTexCoordGen2_caseD_1_8016e528,runtime/src/hle/gx/gx_fatal_stubs.cpp
0x8016E538,GX::SetTexCoordGen2_caseD_2,,label,,GX__SetTexCoordGen2_caseD_2_8016e538,runtime/src/hle/gx/gx_fatal_stubs.cpp
0x8016E548,GX::SetTexCoordGen2_caseD_3,,label,,GX__SetTexCoordGen2_caseD_3_8016e548,runtime/src/hle/gx/gx_fatal_stubs.cpp
0x8016E558,GX::SetTexCoordGen2_caseD_4,,label,,GX__SetTexCoordGen2_caseD_4_8016e558,runtime/src/hle/gx/gx_fatal_stubs.cpp
0x8016E568,GX::SetTexCoordGen2_caseD_5,,label,,GX__SetTexCoordGen2_caseD_5_8016e568,runtime/src/hle/gx/gx_fatal_stubs.cpp
0x8016E578,GX::SetTexCoordGen2_caseD_6,,label,,GX__SetTexCoordGen2_caseD_6_8016e578,runtime/src/hle/gx/gx_fatal_stubs.cpp
0x8016E588,,,missing,,GX__SetTexCoordGen2_caseD_7_8016e588,runtime/src/hle/gx/gx_fatal_stubs.cpp
0x8016E5A4,GX::SetNumTexGens,0x80034BA0,matched,bytes,GX__SetNumTexGens_8016e5a4,runtime/src/hle/gx/gx_vertex.cpp
0x8016E654,GX::Flush,0x80034C50,matched,fuzzy:0.96,GX__Flush_8016e654,runtime/src/hle/gx/gx_init.cpp
0x8016E6B0,GX::ResetWriteGatherPipe,0x80034CB0,matched,bytes,GX__ResetWriteGatherPipe_8016e6b0,runtime/src/hle/gx/gx_stubs.cpp
0x8016E6E4,__GX::Abort,0x80034CF0,matched,fuzzy:0.98,__GX__Abort_8016e6e4,runtime/src/hle/gx/gx_fatal_stubs.cpp
0x8016E848,GX::AbortFrame,0x80034E60,matched,fuzzy:0.97,GX__AbortFrame_8016e848,runtime/src/hle/gx/gx_fatal_stubs.cpp
0x8016E9FC,GX::SetDrawSync,0x80035020,matched,fuzzy:0.98,GX__SetDrawSync_8016e9fc,runtime/src/hle/gx/gx_stubs.cpp
0x8016EAB0,GX::DrawDone,0x800350E0,matched,fuzzy:0.73,GX__DrawDone_8016eab0,runtime/src/hle/gx/gx_stubs.cpp
0x8016EB70,GX::PixModeSync,0x800351B0,matched,bytes,GX__PixModeSync_8016eb70,runtime/src/hle/gx/gx_stubs.cpp
0x8016EB94,GX::PokeAlphaMode,0x800351E0,matched,bytes,GX__PokeAlphaMode_8016eb94,runtime/src/hle/gx/gx_fatal_stubs.cpp
0x8016EBA4,GX::PokeAlphaUpdate,0x800351F0,matched,fuzzy:0.83,GX__PokeAlphaUpdate_8016eba4,runtime/src/hle/gx/gx_fatal_stubs.cpp
0x8016EBBC,GX::PokeAlphaUpdate,0x80035210,matched,bytes,GX__PokeAlphaUpdate_8016ebbc,runtime/src/hle/gx/gx_fatal_stubs.cpp
0x8016EBD0,GX::PokeBlendMode,0x80035230,matched,bytes,GX__PokeBlendMode_8016ebd0,runtime/src/hle/gx/gx_fatal_stubs.cpp
0x8016EC2C,GX::PokeColorUpdate,0x80035290,matched,bytes,GX__PokeColorUpdate_8016ec2c,runtime/src/hle/gx/gx_fatal_stubs.cpp
0x8016EC40,GX::PokeDstAlpha,0x800352B0,matched,bytes,GX__PokeDstAlpha_8016ec40,runtime/src/hle/gx/gx_fatal_stubs.cpp
0x8016EC58,GX::PokeDither,0x800352D0,matched,bytes,GX__PokeDither_8016ec58,runtime/src/hle/gx/gx_fatal_stubs.cpp
0x8016EC6C,GX::PokeZMode,0x800352F0,matched,bytes,GX__PokeZMode_8016ec6c,runtime/src/hle/gx/gx_fatal_stubs.cpp
0x8016ED08,,,missing,,GX__SetDrawSync_8016ed08,runtime/src/hle/gx/gx_stubs.cpp
0x8016ED94,GX::FinishInterruptHandler,0x80035460,matched,bytes,GX__FinishInterruptHandler_8016ed94,runtime/src/hle/gx/gx_stubs.cpp
0x8016EE14,__GX::PEInit,0x800354E0,matched,bytes,__GX__PEInit_8016ee14,runtime/src/hle/gx/gx_init.cpp
0x8016EE78,__GX::SetDirtyState,0x80035550,matched,fuzzy:0.97,GX__SetDirtyState_8016ee78,runtime/src/hle/gx/gx_init.cpp
0x8016F0F0,GX::Begin,0x800357D0,matched,fuzzy:0.99,GX__Begin_8016f0f0,runtime/src/hle/gx/gx_egg.cpp
0x8016F23C,__GX::SendFlushPrim,,missing,,__GX__SendFlushPrim_8016f23c,runtime/src/hle/gx/gx_fatal_stubs.cpp
0x8016F314,GX::SetLineWidth,0x80035A00,matched,bytes,GX__SetLineWidth_8016f314,runtime/src/hle/gx/gx_vertex.cpp
0x8016F348,GX::SetPointSize,0x80035A40,matched,bytes,GX__SetPointSize_8016f348,runtime/src/hle/gx/gx_vertex.cpp
0x8016F37C,GX::EnableTexOffsets,0x80035A80,matched,bytes,GX__EnableTexOffsets_8016f37c,runtime/src/hle/gx/gx_vertex.cpp
0x8016F3B8,GX::SetCullMode,0x80035AC0,matched,bytes,GX__SetCullMode_8016f3b8,runtime/src/hle/gx/gx_pixel.cpp
0x8016F3E0,GX::SetCoPlanar,,missing,,GX__SetCoPlanar_8016f3e0,runtime/src/hle/gx/gx_pixel.cpp
0x8016F414,__GX::SetGenMode,0x80035B50,matched,bytes,__GX__SetGenMode_8016f414,runtime/src/hle/gx/gx_fatal_stubs.cpp
0x8016F438,GX::SetDispCopySrc,0x80035B80,matched,fuzzy:0.62,GX__SetDispCopySrc_8016f438,runtime/src/hle/gx/gx_copy.cpp
0x8016F478,GX::SetTexCopySrc,0x80035BC0,matched,fuzzy:0.62,GX__SetTexCopySrc_8016f478,runtime/src/hle/gx/gx_copy.cpp
0x8016F4B8,GX::SetDispCopyDst,0x80035C00,matched,bytes,GX__SetDispCopyDst_8016f4b8,runtime/src/hle/gx/gx_copy.cpp
0x8016F4DC,GX::SetTexCopyDst,0x80035C30,matched,fuzzy:0.77,GX__SetTexCopyDst_8016f4dc,runtime/src/hle/gx/gx_copy.cpp
0x8016F5F8,GX::SetDispCopyFrame2Field,0x80035D40,matched,bytes,GX__SetDispCopyFrame2Field_8016f5f8,runtime/src/hle/gx/gx_stubs.cpp
0x8016F618,GX::SetCopyClamp,0x80035D60,matched,bytes,GX__SetCopyClamp_8016f618,runtime/src/hle/gx/gx_stubs.cpp
0x8016FA40,GX::SetCopyFilter,0x800361A0,matched,bytes,GX__SetCopyFilter_8016fa40,runtime/src/hle/gx/gx_copy.cpp
0x8016FC24,GX::SetDispCopyGamma,0x80036390,matched,bytes,GX__SetDispCopyGamma_8016fc24,runtime/src/hle/gx/gx_copy.cpp
0x8016FC38,GX::CopyDisp,0x800363B0,matched,fuzzy:0.99,GX__CopyDisp_8016fc38,runtime/src/hle/gx/gx_copy.cpp
0x8016FD74,GX::CopyTex,0x800364F0,matched,fuzzy:0.99,GX__CopyTex_8016fd74,runtime/src/hle/gx/gx_copy.cpp
0x8016FECC,GX::ClearBoundingBox,0x80036650,matched,fuzzy:0.93,GX__ClearBoundingBox_8016fecc,runtime/src/hle/gx/gx_stubs.cpp
0x80170320,GX::LoadLightObjImm,0x80036AE0,matched,fuzzy:0.73,GX__LoadLightObjImm_80170320,runtime/src/hle/gx/gx_lighting.cpp
0x8017039C,GX::SetChanAmbColor,0x80036BA0,matched,fuzzy:0.80,GX__SetChanAmbColor_8017039c,runtime/src/hle/gx/gx_lighting.cpp
0x80170474,GX::SetChanMatColor,0x80036C80,matched,fuzzy:0.80,GX__SetChanMatColor_80170474,runtime/src/hle/gx/gx_lighting.cpp
0x8017054C,GX::SetNumChans,0x80036D60,matched,bytes,GX__SetNumChans_8017054c,runtime/src/hle/gx/gx_lighting.cpp
0x80170570,GX::SetChanCtrl,0x80036D90,matched,fuzzy:0.85,GX__SetChanCtrl_80170570,runtime/src/hle/gx/gx_lighting.cpp
0x801707F8,GX::InitTexObj,0x80037030,matched,fuzzy:0.85,GX__InitTexObj_801707f8,runtime/src/hle/gx/gx_texture.cpp
0x80170938,GX::InitTexObj_switch,0x80037170,matched,label-offset,GX__InitTexObj_switch_80170938,runtime/src/hle/gx/gx_texture.cpp
0x8017093C,GX::InitTexObj_caseD_0,0x80037174,matched,label-offset,GX__InitTexObj_caseD_0_8017093c,runtime/src/hle/gx/gx_texture.cpp
0x80170950,GX::InitTexObj_caseD_1,0x80037188,matched,label-offset,GX__InitTexObj_caseD_1_80170950,runtime/src/hle/gx/gx_texture.cpp
0x80170964,GX::InitTexObj_caseD_3,0x8003719C,matched,label-offset,GX__InitTexObj_caseD_3_80170964,runtime/src/hle/gx/gx_texture.cpp
0x80170978,GX::InitTexObj_caseD_6,0x800371B0,matched,label-offset,GX__InitTexObj_caseD_6_80170978,runtime/src/hle/gx/gx_texture.cpp
0x8017098C,GX::InitTexObj_caseD_e,0x800371C4,matched,label-offset,GX__InitTexObj_caseD_e_8017098c,runtime/src/hle/gx/gx_texture.cpp
0x801709A0,GX::InitTexObj_caseD_7,0x800371D8,matched,label-offset,GX__InitTexObj_caseD_7_801709a0,runtime/src/hle/gx/gx_texture.cpp
0x80170A04,GX::InitTexObjCI,0x80037240,matched,bytes,GX__InitTexObjCI_80170a04,runtime/src/hle/gx/gx_texture.cpp
0x80170A4C,GX::InitTexObjLOD,0x80037290,matched,bytes,GX__InitTexObjLOD_80170a4c,runtime/src/hle/gx/gx_texture.cpp
0x80170B50,GX::InitTexObjWrapMode,0x800373B0,matched,bytes,GX__InitTexObjWrapMode_80170b50,runtime/src/hle/gx/gx_texture.cpp
0x80170B64,GX::InitTexObjTlut,0x800373D0,matched,bytes,GX__InitTexObjTlut_80170b64,runtime/src/hle/gx/gx_texture.cpp
0x80170B6C,GX::InitTexObjFilter,0x800373E0,matched,bytes,GX__InitTexObjFilter_80170b6c,runtime/src/hle/gx/gx_texture.cpp
0x80170B94,GX::InitTexObjLODBias,,missing,,GX__InitTexObjLODBias_80170b94,runtime/src/hle/gx/gx_texture.cpp
0x80170BE8,GX::InitTexObjUserData,0x80037410,matched,bytes,GX__InitTexObjUserData_80170be8,runtime/src/hle/gx/gx_texture.cpp
0x80170BF8,GX::GetTexObjAll,0x80037430,matched,fuzzy:0.48,GX__GetTexObjAll_80170bf8,runtime/src/hle/gx/gx_texture.cpp
0x80170CBC,GX::GetTexObjLODAll,0x80037520,matched,fuzzy:0.50,GX__GetTexObjLODAll_80170cbc,runtime/src/hle/gx/gx_texture.cpp
0x80170DC8,GX::LoadTexObjPreLoaded,0x80037610,matched,bytes,GX__LoadTexObjPreLoaded_80170dc8,runtime/src/hle/gx/gx_texture.cpp
0x80170F2C,GX::LoadTexObj,0x80037780,matched,bytes,GX__LoadTexObj_80170f2c,runtime/src/hle/gx/gx_texture.cpp
0x80170F80,GX::InitTlutObj,0x800377E0,matched,bytes,GX__InitTlutObj_80170f80,runtime/src/hle/gx/gx_texture.cpp
0x80170FA8,GX::LoadTlut,0x80037810,matched,fuzzy:0.84,GX__LoadTlut_80170fa8,runtime/src/hle/gx/gx_texture.cpp
0x80171110,GX::InvalidateTexAll,0x80037980,matched,fuzzy:0.61,GX__InvalidateTexAll_80171110,runtime/src/hle/gx/gx_texture.cpp
0x80171180,GX::SetTexCoordScaleManually,0x80037A10,matched,fuzzy:0.97,GX__SetTexCoordScaleManually_80171180,runtime/src/hle/gx/gx_texture.cpp
0x801711FC,GX::SetTexCoordBias,0x80037B00,matched,fuzzy:0.96,GX__SetTexCoordBias_801711fc,runtime/src/hle/gx/gx_texture.cpp
0x801712F0,__GX::SetSUTexRegs,0x80037C00,matched,fuzzy:0.89,__GX__SetSUTexRegs_801712f0,runtime/src/hle/gx/gx_stubs.cpp
0x80171458,__GX::SetTmemConfig,0x80037D70,matched,fuzzy:0.93,__GX__SetTmemConfig_80171458,runtime/src/hle/gx/gx_init.cpp
0x801717AC,GX::SetTevIndirect,0x800380C0,matched,bytes,GX__SetTevIndirect_801717ac,runtime/src/hle/gx/gx_indirect.cpp
0x80171814,GX::SetIndTexMtx,0x80038130,matched,fuzzy:0.36,GX__SetIndTexMtx_80171814,runtime/src/hle/gx/gx_indirect.cpp
0x80171968,GX::SetIndTexCoordScale,0x80038270,matched,fuzzy:0.88,GX__SetIndTexCoordScale_80171968,runtime/src/hle/gx/gx_indirect.cpp
0x80171A6C,GX::SetIndTexOrder,0x80038370,matched,fuzzy:0.85,GX__SetIndTexOrder_80171a6c,runtime/src/hle/gx/gx_indirect.cpp
0x80171B38,GX::SetNumIndStages,0x80038440,matched,bytes,GX__SetNumIndStages_80171b38,runtime/src/hle/gx/gx_indirect.cpp
0x80171B58,GX::SetTevDirect,0x80038460,matched,bytes,GX__SetTevDirect_80171b58,runtime/src/hle/gx/gx_indirect.cpp
0x80171BA0,GX::SetTevIndWarp,0x800384B0,matched,fuzzy:0.95,GX__SetTevIndWarp_80171ba0,runtime/src/hle/gx/gx_indirect.cpp
0x80171C28,__GX::FlushTextureState,0x80038550,matched,bytes,__GX__FlushTextureState_80171c28,runtime/src/hle/gx/gx_stubs.cpp
0x80171C4C,GX::SetTevOp,0x80038580,matched,bytes,GX__SetTevOp_80171c4c,runtime/src/hle/gx/gx_tev.cpp
0x80171CE0,GX::SetTevColorIn,0x80038620,matched,bytes,GX__SetTevColorIn_80171ce0,runtime/src/hle/gx/gx_tev.cpp
0x80171D20,GX::SetTevAlphaIn,0x80038660,matched,bytes,GX__SetTevAlphaIn_80171d20,runtime/src/hle/gx/gx_tev.cpp
0x80171D60,GX::SetTevColorOp,0x800386A0,matched,bytes,GX__SetTevColorOp_80171d60,runtime/src/hle/gx/gx_tev.cpp
0x80171DB8,GX::SetTevAlphaOp,0x80038700,matched,bytes,GX__SetTevAlphaOp_80171db8,runtime/src/hle/gx/gx_tev.cpp
0x80171E10,GX::SetTevColor,0x80038760,matched,fuzzy:0.75,GX__SetTevColor_80171e10,runtime/src/hle/gx/gx_tev.cpp
0x80171E70,GX::SetTevColorS10,0x800387C0,matched,fuzzy:0.36,GX__SetTevColorS10_80171e70,runtime/src/hle/gx/gx_tev.cpp
0x80171ED4,GX::SetTevKColor,0x80038830,matched,fuzzy:0.65,GX__SetTevKColor_80171ed4,runtime/src/hle/gx/gx_tev.cpp
0x80171F30,GX::SetTevKColorSel,0x80038890,matched,bytes,GX__SetTevKColorSel_80171f30,runtime/src/hle/gx/gx_tev.cpp
0x80171F80,GX::SetTevKAlphaSel,0x800388E0,matched,bytes,GX__SetTevKAlphaSel_80171f80,runtime/src/hle/gx/gx_tev.cpp
0x80171FD0,GX::SetTevSwapMode,0x80038930,matched,bytes,GX__SetTevSwapMode_80171fd0,runtime/src/hle/gx/gx_tev.cpp
0x8017200C,GX::SetTevSwapModeTable,0x80038970,matched,fuzzy:0.97,GX__SetTevSwapModeTable_8017200c,runtime/src/hle/gx/gx_tev.cpp
0x80172088,GX::SetAlphaCompare,0x800389F0,matched,bytes,GX__SetAlphaCompare_80172088,runtime/src/hle/gx/gx_pixel.cpp
0x801720C0,GX::SetZTexture,0x80038A30,matched,fuzzy:0.82,GX__SetZTexture_801720c0,runtime/src/hle/gx/gx_pixel.cpp
0x8017214C,GX::SetTevOrder,0x80038AC0,matched,fuzzy:0.95,GX__SetTevOrder_8017214c,runtime/src/hle/gx/gx_tev.cpp
0x801722A8,GX::SetNumTevStages,0x80038C20,matched,bytes,GX__SetNumTevStages_801722a8,runtime/src/hle/gx/gx_tev.cpp
0x801722CC,GX::SetFog,0x80038C50,matched,fuzzy:0.70,GX__SetFog_801722cc,runtime/src/hle/gx/gx_pixel.cpp
0x801724F8,GX::InitFogAdjTable,0x80038E80,matched,fuzzy:0.95,GX__InitFogAdjTable_801724f8,runtime/src/hle/gx/gx_fatal_stubs.cpp
0x8017277C,GX::SetBlendMode,0x800390F0,matched,fuzzy:0.95,GX__SetBlendMode_8017277c,runtime/src/hle/gx/gx_pixel.cpp
0x801727CC,GX::SetColorUpdate,0x80039140,matched,bytes,GX__SetColorUpdate_801727cc,runtime/src/hle/gx/gx_pixel.cpp
0x801727F8,GX::SetAlphaUpdate,0x80039170,matched,bytes,GX__SetAlphaUpdate_801727f8,runtime/src/hle/gx/gx_pixel.cpp
0x80172824,GX::SetZMode,0x800391A0,matched,bytes,GX__SetZMode_80172824,runtime/src/hle/gx/gx_pixel.cpp
0x80172858,GX::SetZCompLoc,0x800391E0,matched,bytes,GX__SetZCompLoc_80172858,runtime/src/hle/gx/gx_pixel.cpp
0x80172888,GX::SetPixelFmt,0x80039210,matched,fuzzy:0.98,GX__SetPixelFmt_80172888,runtime/src/hle/gx/gx_pixel.cpp
0x80172930,GX::SetDither,0x800392C0,matched,bytes,GX__SetDither_80172930,runtime/src/hle/gx/gx_pixel.cpp
0x8017295C,GX::SetDstAlpha,0x800392F0,matched,bytes,GX__SetDstAlpha_8017295c,runtime/src/hle/gx/gx_pixel.cpp
0x80172A30,GX::DrawSphere,0x800393D0,matched,fuzzy:0.88,GX__DrawSphere_80172a30,runtime/src/hle/gx/gx_vertex.cpp
0x80172E00,GX::BeginDisplayList,0x800397A0,matched,bytes,GX__BeginDisplayList_80172e00,runtime/src/hle/gx/gx_init.cpp
0x80172EB4,GX::EndDisplayList,0x80039860,matched,bytes,GX__EndDisplayList_80172eb4,runtime/src/hle/gx/gx_frame.cpp
0x80172F64,GX::CallDisplayList,0x80039910,matched,bytes,GX__CallDisplayList_80172f64,runtime/src/hle/gx/gx_dl.cpp
0x80172FD8,__GX::SetProjection,0x80039990,matched,fuzzy:0.94,__GX__SetProjection_80172fd8,runtime/src/hle/gx/gx_fatal_stubs.cpp
0x8017301C,GX::SetProjection,0x800399E0,matched,fuzzy:0.84,GX__SetProjection_8017301c,runtime/src/hle/gx/gx_transform.cpp
0x80173080,GX::SetProjectionv,0x80039A50,matched,bytes,GX__SetProjectionv_80173080,runtime/src/hle/gx/gx_transform.cpp
0x801730CC,GX::GetProjectionv,0x80039AA0,matched,bytes,GX__GetProjectionv_801730cc,runtime/src/hle/gx/gx_transform.cpp
0x8017310C,GX::LoadPosMtxImm,0x80039AE0,matched,fuzzy:0.85,GX__LoadPosMtxImm_8017310c,runtime/src/hle/gx/gx_transform.cpp
0x8017315C,GX::LoadPosMtxIndx,0x80039B30,matched,fuzzy:0.18,GX__LoadPosMtxIndx_8017315c,runtime/src/hle/gx/gx_transform.cpp
0x80173188,GX::LoadNrmMtxImm,0x80039B60,matched,fuzzy:0.95,GX__LoadNrmMtxImm_80173188,runtime/src/hle/gx/gx_transform.cpp
0x801731E0,GX::LoadNrmMtxIndx3x3,0x80039BC0,matched,fuzzy:0.77,GX__LoadNrmMtxIndx3x3_801731e0,runtime/src/hle/gx/gx_transform.cpp
0x80173214,GX::SetCurrentMtx,0x80039C00,matched,bytes,GX__SetCurrentMtx_80173214,runtime/src/hle/gx/gx_transform.cpp
0x80173234,GX::LoadTexMtxImm,0x80039C20,matched,fuzzy:0.87,GX__LoadTexMtxImm_80173234,runtime/src/hle/gx/gx_transform.cpp
0x801732E8,__GX::SetViewport,0x80039CE0,matched,fuzzy:0.50,__GX__SetViewport_801732e8,runtime/src/hle/gx/gx_fatal_stubs.cpp
0x80173378,GX::SetViewportJitter,0x80039D70,matched,bytes,GX__SetViewportJitter_80173378,runtime/src/hle/gx/gx_transform.cpp
0x801733B4,GX::SetViewport,0x80039DB0,matched,bytes,GX__SetViewport_801733b4,runtime/src/hle/gx/gx_transform.cpp
0x801733E0,GX::GetViewportv,0x80039DE0,matched,bytes,GX__GetViewportv_801733e0,runtime/src/hle/gx/gx_transform.cpp
0x80173400,GX::SetZScaleOffset,0x80039E00,matched,fuzzy:0.75,GX__SetZScaleOffset_80173400,runtime/src/hle/gx/gx_transform.cpp
0x80173430,GX::SetScissor,0x80039E30,matched,fuzzy:0.73,GX__SetScissor_80173430,runtime/src/hle/gx/gx_transform.cpp
0x801734E0,GX::SetScissorBoxOffset,0x80039EF0,matched,fuzzy:0.47,GX__SetScissorBoxOffset_801734e0,runtime/src/hle/gx/gx_transform.cpp
0x8017351C,GX::SetClipMode,0x80039F30,matched,bytes,GX__SetClipMode_8017351c,runtime/src/hle/gx/gx_pixel.cpp
0x80173544,__GX::SetMatrixIndex,0x80039F60,matched,bytes,__GX__SetMatrixIndex_80173544,runtime/src/hle/gx/gx_fatal_stubs.cpp
0x801735CC,GX::SetGPMetric,0x80039FF0,matched,fuzzy:0.82,GX__SetGPMetric_801735cc,runtime/src/hle/gx/gx_fatal_stubs.cpp
0x801736F4,GX::SetGPMetric_switch,0x8003A108,matched,label-offset,GX__SetGPMetric_switch_801736f4,runtime/src/hle/gx/gx_fatal_stubs.cpp
0x801736F8,GX::SetGPMetric_caseD_0,0x8003A10C,matched,label-offset,GX__SetGPMetric_caseD_0_801736f8,runtime/src/hle/gx/gx_fatal_stubs.cpp
0x80173718,GX::SetGPMetric_caseD_1,0x8003A12C,matched,label-offset,GX__SetGPMetric_caseD_1_80173718,runtime/src/hle/gx/gx_fatal_stubs.cpp
0x80173738,GX::SetGPMetric_caseD_2,0x8003A14C,matched,label-offset,GX__SetGPMetric_caseD_2_80173738,runtime/src/hle/gx/gx_fatal_stubs.cpp
0x80173758,GX::SetGPMetric_caseD_3,0x8003A16C,matched,label-offset,GX__SetGPMetric_caseD_3_80173758,runtime/src/hle/gx/gx_fatal_stubs.cpp
0x80173778,GX::SetGPMetric_caseD_4,0x8003A18C,matched,label-offset,GX__SetGPMetric_caseD_4_80173778,runtime/src/hle/gx/gx_fatal_stubs.cpp
0x80173798,GX::SetGPMetric_caseD_5,0x8003A1AC,matched,label-offset,GX__SetGPMetric_caseD_5_80173798,runtime/src/hle/gx/gx_fatal_stubs.cpp
0x801737B8,GX::SetGPMetric_caseD_6,0x8003A1CC,matched,label-offset,GX__SetGPMetric_caseD_6_801737b8,runtime/src/hle/gx/gx_fatal_stubs.cpp
0x801737D8,GX::SetGPMetric_caseD_7,0x8003A1EC,matched,label-offset,GX__SetGPMetric_caseD_7_801737d8,runtime/src/hle/gx/gx_fatal_stubs.cpp
0x801737F8,GX::SetGPMetric_caseD_8,0x8003A20C,matched,label-offset,GX__SetGPMetric_caseD_8_801737f8,runtime/src/hle/gx/gx_fatal_stubs.cpp
0x80173818,GX::SetGPMetric_caseD_9,0x8003A22C,matched,label-offset,GX__SetGPMetric_caseD_9_80173818,runtime/src/hle/gx/gx_fatal_stubs.cpp
0x80173838,GX::SetGPMetric_caseD_22,0x8003A24C,matched,label-offset,GX__SetGPMetric_caseD_22_80173838,runtime/src/hle/gx/gx_fatal_stubs.cpp
0x80173858,GX::SetGPMetric_caseD_a,0x8003A26C,matched,label-offset,GX__SetGPMetric_caseD_a_80173858,runtime/src/hle/gx/gx_fatal_stubs.cpp
0x80173878,GX::SetGPMetric_caseD_b,0x8003A28C,matched,label-offset,GX__SetGPMetric_caseD_b_80173878,runtime/src/hle/gx/gx_fatal_stubs.cpp
0x80173894,GX::SetGPMetric_caseD_c,0x8003A2A8,matched,label-offset,GX__SetGPMetric_caseD_c_80173894,runtime/src/hle/gx/gx_fatal_stubs.cpp
0x801738B0,GX::SetGPMetric_caseD_d,0x8003A2C4,matched,label-offset,GX__SetGPMetric_caseD_d_801738b0,runtime/src/hle/gx/gx_fatal_stubs.cpp
0x801738CC,GX::SetGPMetric_caseD_e,0x8003A2E0,matched,label-offset,GX__SetGPMetric_caseD_e_801738cc,runtime/src/hle/gx/gx_fatal_stubs.cpp
0x801738E8,GX::SetGPMetric_caseD_f,0x8003A2FC,matched,label-offset,GX__SetGPMetric_caseD_f_801738e8,runtime/src/hle/gx/gx_fatal_stubs.cpp
0x80173904,GX::SetGPMetric_caseD_10,0x8003A318,matched,label-offset,GX__SetGPMetric_caseD_10_80173904,runtime/src/hle/gx/gx_fatal_stubs.cpp
0x80173920,GX::SetGPMetric_caseD_11,0x8003A334,matched,label-offset,GX__SetGPMetric_caseD_11_80173920,runtime/src/hle/gx/gx_fatal_stubs.cpp
0x8017393C,GX::SetGPMetric_caseD_12,0x8003A350,matched,label-offset,GX__SetGPMetric_caseD_12_8017393c,runtime/src/hle/gx/gx_fatal_stubs.cpp
0x80173958,GX::SetGPMetric_caseD_13,0x8003A36C,matched,label-offset,GX__SetGPMetric_caseD_13_80173958,runtime/src/hle/gx/gx_fatal_stubs.cpp
0x80173974,GX::SetGPMetric_caseD_14,0x8003A388,matched,label-offset,GX__SetGPMetric_caseD_14_80173974,runtime/src/hle/gx/gx_fatal_stubs.cpp
0x80173990,GX::SetGPMetric_caseD_15,0x8003A3A4,matched,label-offset,GX__SetGPMetric_caseD_15_80173990,runtime/src/hle/gx/gx_fatal_stubs.cpp
0x801739AC,GX::SetGPMetric_caseD_16,0x8003A3C0,matched,label-offset,GX__SetGPMetric_caseD_16_801739ac,runtime/src/hle/gx/gx_fatal_stubs.cpp
0x801739C8,GX::SetGPMetric_caseD_17,0x8003A3DC,matched,label-offset,GX__SetGPMetric_caseD_17_801739c8,runtime/src/hle/gx/gx_fatal_stubs.cpp
0x801739E4,GX::SetGPMetric_caseD_18,0x8003A3F8,matched,label-offset,GX__SetGPMetric_caseD_18_801739e4,runtime/src/hle/gx/gx_fatal_stubs.cpp
0x80173A00,GX::SetGPMetric_caseD_19,0x8003A414,matched,label-offset,GX__SetGPMetric_caseD_19_80173a00,runtime/src/hle/gx/gx_fatal_stubs.cpp
0x80173A1C,GX::SetGPMetric_caseD_1a,0x8003A430,matched,label-offset,GX__SetGPMetric_caseD_1a_80173a1c,runtime/src/hle/gx/gx_fatal_stubs.cpp
0x80173A38,GX::SetGPMetric_caseD_1b,0x8003A44C,matched,label-offset,GX__SetGPMetric_caseD_1b_80173a38,runtime/src/hle/gx/gx_fatal_stubs.cpp
0x80173A54,GX::SetGPMetric_caseD_1c,0x8003A468,matched,label-offset,GX__SetGPMetric_caseD_1c_80173a54,runtime/src/hle/gx/gx_fatal_stubs.cpp
0x80173A70,GX::SetGPMetric_caseD_1d,0x8003A484,matched,label-offset,GX__SetGPMetric_caseD_1d_80173a70,runtime/src/hle/gx/gx_fatal_stubs.cpp
0x80173A8C,GX::SetGPMetric_caseD_1e,0x8003A4A0,matched,label-offset,GX__SetGPMetric_caseD_1e_80173a8c,runtime/src/hle/gx/gx_fatal_stubs.cpp
0x80173AA8,GX::SetGPMetric_caseD_1f,0x8003A4BC,matched,label-offset,GX__SetGPMetric_caseD_1f_80173aa8,runtime/src/hle/gx/gx_fatal_stubs.cpp
0x80173AC4,GX::SetGPMetric_caseD_20,0x8003A4D8,matched,label-offset,GX__SetGPMetric_caseD_20_80173ac4,runtime/src/hle/gx/gx_fatal_stubs.cpp
0x80173AE0,GX::SetGPMetric_caseD_21,0x8003A4F4,matched,label-offset,GX__SetGPMetric_caseD_21_80173ae0,runtime/src/hle/gx/gx_fatal_stubs.cpp
0x80173AF8,GX::SetGPMetric_caseD_23,,label,,GX__SetGPMetric_caseD_23_80173af8,runtime/src/hle/gx/gx_fatal_stubs.cpp
0x80173B18,GX::SetGPMetric_switch,0x8003A52C,matched,label-offset,GX__SetGPMetric_switch_80173b18,runtime/src/hle/gx/gx_fatal_stubs.cpp
0x80173B1C,GX::SetGPMetric_caseD_0,0x8003A530,matched,label-offset,GX__SetGPMetric_caseD_0_80173b1c,runtime/src/hle/gx/gx_fatal_stubs.cpp
0x80173B38,GX::SetGPMetric_caseD_1,0x8003A54C,matched,label-offset,GX__SetGPMetric_caseD_1_80173b38,runtime/src/hle/gx/gx_fatal_stubs.cpp
0x80173B54,GX::SetGPMetric_caseD_2,0x8003A568,matched,label-offset,GX__SetGPMetric_caseD_2_80173b54,runtime/src/hle/gx/gx_fatal_stubs.cpp
0x80173B70,GX::SetGPMetric_caseD_3,0x8003A584,matched,label-offset,GX__SetGPMetric_caseD_3_80173b70,runtime/src/hle/gx/gx_fatal_stubs.cpp
0x80173B8C,GX::SetGPMetric_caseD_8,0x8003A5A0,matched,label-offset,GX__SetGPMetric_caseD_8_80173b8c,runtime/src/hle/gx/gx_fatal_stubs.cpp
0x80173BA8,GX::SetGPMetric_caseD_15,0x8003A5BC,matched,label-offset,GX__SetGPMetric_caseD_15_80173ba8,runtime/src/hle/gx/gx_fatal_stubs.cpp
0x80173BC4,GX::SetGPMetric_caseD_4,0x8003A5D8,matched,label-offset,GX__SetGPMetric_caseD_4_80173bc4,runtime/src/hle/gx/gx_fatal_stubs.cpp
0x80173BE0,GX::SetGPMetric_caseD_5,0x8003A5F4,matched,label-offset,GX__SetGPMetric_caseD_5_80173be0,runtime/src/hle/gx/gx_fatal_stubs.cpp
0x80173BFC,GX::SetGPMetric_caseD_6,0x8003A610,matched,label-offset,GX__SetGPMetric_caseD_6_80173bfc,runtime/src/hle/gx/gx_fatal_stubs.cpp
0x80173C18,GX::SetGPMetric_caseD_7,0x8003A62C,matched,label-offset,GX__SetGPMetric_caseD_7_80173c18,runtime/src/hle/gx/gx_fatal_stubs.cpp
0x80173C34,GX::SetGPMetric_caseD_9,,label,,GX__SetGPMetric_caseD_9_80173c34,runtime/src/hle/gx/gx_fatal_stubs.cpp
0x80173C64,GX::SetGPMetric_caseD_a,,label,,GX__SetGPMetric_caseD_a_80173c64,runtime/src/hle/gx/gx_fatal_stubs.cpp
0x80173C94,GX::SetGPMetric_caseD_b,,label,,GX__SetGPMetric_caseD_b_80173c94,runtime/src/hle/gx/gx_fatal_stubs.cpp
0x80173CC4,GX::SetGPMetric_caseD_c,,label,,GX__SetGPMetric_caseD_c_80173cc4,runtime/src/hle/gx/gx_fatal_stubs.cpp
0x80173CF4,GX::SetGPMetric_caseD_d,,label,,GX__SetGPMetric_caseD_d_80173cf4,runtime/src/hle/gx/gx_fatal_stubs.cpp
0x80173D24,GX::SetGPMetric_caseD_e,,label,,GX__SetGPMetric_caseD_e_80173d24,runtime/src/hle/gx/gx_fatal_stubs.cpp
0x80173D54,GX::SetGPMetric_caseD_f,,label,,GX__SetGPMetric_caseD_f_80173d54,runtime/src/hle/gx/gx_fatal_stubs.cpp
0x80173D84,GX::SetGPMetric_caseD_10,0x8003A798,matched,label-offset,GX__SetGPMetric_caseD_10_80173d84,runtime/src/hle/gx/gx_fatal_stubs.cpp
0x80173DB0,GX::SetGPMetric_caseD_11,0x8003A7C4,matched,label-offset,GX__SetGPMetric_caseD_11_80173db0,runtime/src/hle/gx/gx_fatal_stubs.cpp
0x80173DC0,GX::SetGPMetric_caseD_12,0x8003A7D4,matched,label-offset,GX__SetGPMetric_caseD_12_80173dc0,runtime/src/hle/gx/gx_fatal_stubs.cpp
0x80173DD0,GX::SetGPMetric_caseD_13,0x8003A7E4,matched,label-offset,GX__SetGPMetric_caseD_13_80173dd0,runtime/src/hle/gx/gx_fatal_stubs.cpp
0x80173DE0,GX::SetGPMetric_caseD_14,0x8003A7F4,matched,label-offset,GX__SetGPMetric_caseD_14_80173de0,runtime/src/hle/gx/gx_fatal_stubs.cpp
0x80173DEC,GX::SetGPMetric_caseD_16,0x8003A800,matched,label-offset,GX__SetGPMetric_caseD_16_80173dec,runtime/src/hle/gx/gx_fatal_stubs.cpp
0x80173DF8,GX::ClearGPMetric,0x8003A810,matched,bytes,GX__ClearGPMetric_80173df8,runtime/src/hle/gx/gx_fatal_stubs.cpp
0x80193010,IPCReadReg,0x8003A8C0,matched,bytes,IPCReadReg_80193010,runtime/src/hle/os/os_interrupt.cpp
0x80193020,IPCWriteReg,0x8003A8D0,matched,bytes,IPCWriteReg_80193020,runtime/src/hle/os/os_interrupt.cpp
0x80193478,IPCCltInit,0x8003AD50,matched,fuzzy:0.95,IPCCltInit_80193478,runtime/src/hle/os/os_interrupt.cpp
0x801938FC,,,missing,,NAND_IOS_OpenBody_HLE_801938FC,runtime/src/hle/storage/nand_isfs.cpp
0x80194158,IOS::IoctlAsync,0x8003BA80,matched,bytes,IOS_IoctlAsync_80194158,runtime/src/hle/ios.cpp
0x8019F33C,OS::GetConsoleType,0x80043B40,matched,fuzzy:0.68,OS__GetConsoleType_8019f33c,runtime/src/hle/os/os_init.cpp
0x801A00E0,OS::ExceptionInit,0x800449C0,matched,name,OS__ExceptionInit_801a00e0,runtime/src/hle/os/os_interrupt.cpp
0x801A04A0,OS::__PSInit,0x80044DB0,matched,bytes,OS____PSInit_801a04a0,runtime/src/hle/os/os_init.cpp
0x801A0620,InsertAlarm,0x80044F50,matched,fuzzy:0.99,func_801A0620,runtime/src/hle/os/os_alarm.cpp
0x801A0870,OS::SetAlarm,0x800451A0,matched,fuzzy:0.96,OSSetAlarm_HLE_801a0870,runtime/src/hle/os/os_alarm.cpp
0x801A08E0,OS::SetPeriodicAlarm,0x80045210,matched,bytes,OS__SetPeriodicAlarm_801a08e0,runtime/src/hle/os/os_alarm.cpp
0x801A1138,__AIClockInit,0x80045BD0,matched,bytes,AIClockInit_801A1138,runtime/src/hle/audio/audio.cpp
0x801A1358,OS::__InitAudioSystem,0x80045DF0,matched,fuzzy:0.98,OSInitAudioSystem_801A1358,runtime/src/hle/audio/audio.cpp
0x801A1520,OS::__StopAudioSystem,0x80045FC0,matched,fuzzy:0.99,OSStopAudioSystem_801A1520,runtime/src/hle/audio/audio.cpp
0x801A1600,DCInvalidateRange,0x800460B0,matched,bytes,DCInvalidateRange_801a1600,runtime/src/hle/os/os_cache.cpp
0x801A162C,DCFlushRange,0x800460E0,matched,bytes,DCFlushRange_801a162c,runtime/src/hle/os/os_cache.cpp
0x801A165C,DCStoreRange,0x80046110,matched,bytes,DCStoreRange_801a165c,runtime/src/hle/os/os_cache.cpp
0x801A168C,DCFlushRangeNoSync,0x80046140,matched,bytes,DCFlushRangeNoSync_801a168c,runtime/src/hle/os/os_cache.cpp
0x801A16B8,DCStoreRangeNoSync,0x80046170,matched,bytes,DCStoreRangeNoSync_801a16b8,runtime/src/hle/os/os_cache.cpp
0x801A16E4,DCZeroRange,0x800461A0,matched,bytes,DCZeroRange_HLE_801a16e4,runtime/src/hle/os/os_cache.cpp
0x801A1894,LCLoadBlocks,0x80046380,matched,bytes,LCLoadBlocks_HLE_801a1894,runtime/src/hle/os/os_cache.cpp
0x801A18B8,LCStoreBlocks,0x800463B0,matched,bytes,LCStoreBlocks_HLE_801a18b8,runtime/src/hle/os/os_cache.cpp
0x801A18DC,LCStoreData,0x800463E0,matched,bytes,LCStoreData_HLE_801a18dc,runtime/src/hle/os/os_cache.cpp
0x801A197C,LCQueueLength,0x80046480,matched,bytes,LCQueueLength_HLE_801a197c,runtime/src/hle/os/os_cache.cpp
0x801A1988,LCQueueWait,0x80046490,matched,bytes,LCQueueWait_HLE_801a1988,runtime/src/hle/os/os_cache.cpp
0x801A1E70,OS::SetCurrentContext,0x800469B0,matched,bytes,OS__SetCurrentContext_801a1e70,runtime/src/hle/os/os_context.cpp
0x801A1ED8,OS::SaveContext,0x80046A20,matched,bytes,func_801A1ED8,runtime/src/hle/os/os_scheduler.cpp
0x801A1F58,OS::LoadContext,0x80046AA0,matched,bytes,OS__LoadContext_801a1f58,runtime/src/hle/os/os_context.cpp
0x801A2098,OS::ClearContext,0x80046BF0,matched,fuzzy:0.89,OS__ClearContext_801a2098,runtime/src/hle/os/os_context.cpp
0x801A25D0,OS::Report,0x80235FE8,matched,name,OS__Report_801a25d0,runtime/src/hle/os/os_report.cpp
0x801A4EC4,OS::Fatal,0x800493A0,matched,fuzzy:0.91,OSFatal_HLE_801a4ec4,runtime/src/hle/os/os_init.cpp
0x801A65AC,OS::DisableInterrupts,0x8004AF10,matched,bytes,OS__DisableInterrupts_801a65ac,runtime/src/hle/gx/gx_init.cpp
0x801A65C0,OS::EnableInterrupts,0x8004AF30,matched,bytes,OS__EnableInterrupts_801a65c0,runtime/src/hle/os/os_interrupt.cpp
0x801A65D4,OS::RestoreInterrupts,0x8004AF50,matched,bytes,OS__RestoreInterrupts_801a65d4,runtime/src/hle/gx/gx_init.cpp
0x801A65F8,OS::__SetInterruptHandler,0x8004AF80,matched,bytes,__OSSetInterruptHandler_801a65f8_hle,runtime/src/hle/os/os_interrupt.cpp
0x801A661C,OS::__InterruptInit,0x8004AFB0,matched,fuzzy:0.90,OS____InterruptInit_801a661c,runtime/src/hle/os/os_interrupt.cpp
0x801A66E0,SetInterruptMask,0x8004B080,matched,bytes,SetInterruptMask_801a66e0,runtime/src/hle/os/os_interrupt.cpp
0x801A693C,OS::__MaskInterrupts,0x8004B2E0,matched,bytes,OS____MaskInterrupts_801a693c,runtime/src/hle/os/os_interrupt.cpp
0x801A69BC,OS::__UnmaskInterrupts,0x8004B360,matched,bytes,__OSUnmaskInterrupts_801a69bc_hle,runtime/src/hle/os/os_interrupt.cpp
0x801A72FC,OS::InitMessageQueue,0x8004B700,matched,bytes,OS__InitMessageQueue_HLE_801a72fc,runtime/src/hle/os/os_message.cpp
0x801A735C,OS::SendMessage,0x8004B760,matched,bytes,OS__SendMessage_HLE_801a735c,runtime/src/hle/os/os_message.cpp
0x801A7424,OS::ReceiveMessage,0x8004B830,matched,bytes,OS__ReceiveMessage_HLE_801a7424,runtime/src/hle/os/os_message.cpp
0x801A7500,OS::JamMessage,,missing,,OS__JamMessage_HLE_801a7500,runtime/src/hle/os/os_message.cpp
0x801A7DFC,OS::__InitMemoryProtection,0x8004C0C0,matched,fuzzy:0.93,OS____InitMemoryProtection_801a7dfc,runtime/src/hle/os/os_init.cpp
0x801A7EE4,OS::LockMutex,0x8004C1D0,matched,bytes,OSLockMutex_HLE_801a7ee4,runtime/src/hle/os/os_scheduler.cpp
0x801A7FC0,OS::UnlockMutex,0x8004C2B0,matched,bytes,OSUnlockMutex_HLE_801a7fc0,runtime/src/hle/os/os_scheduler.cpp
0x801A8A50,OS::GetResetCode,0x8004CE20,matched,bytes,OSGetResetCode_801a8a50,runtime/src/hle/os/os_init.cpp
0x801A961C,OS::__ThreadInit,0x8004DA20,matched,fuzzy:0.95,OSInitAlarm_RecompModLateInit_801a961c,runtime/src/hle/os/os_init.cpp
0x801A98B0,OS::GetCurrentThread,0x8004DCC0,matched,bytes,OS__GetCurrentThread_801a98b0_hle,runtime/src/hle/os/os_context.cpp
0x801A9C08,SelectThread,0x8004E030,matched,fuzzy:0.93,SelectThread_801a9c08,runtime/src/hle/os/os_alarm.cpp
0x801A9E84,OS::CreateThread,0x8004E2C0,matched,fuzzy:0.74,OSCreateThread_HLE_801a9e84,runtime/src/hle/os/os_thread.cpp
0x801AA0F0,RVL::OS::ExitThread,0x8004E530,matched,bytes,OSExitThread_HLE_801aa0f0,runtime/src/hle/os/os_thread.cpp
0x801AA1D4,OS::CancelThread,0x8004E620,matched,fuzzy:0.94,OSCancelThread_HLE_801aa1d4,runtime/src/hle/os/os_thread.cpp
0x801AA3AC,OS::JoinThread,0x8004E800,matched,fuzzy:0.94,OSJoinThread_HLE_801aa3ac,runtime/src/hle/os/os_thread.cpp
0x801AA4EC,OS::DetachThread,0x8004E950,matched,fuzzy:0.93,OSDetachThread_HLE_801aa4ec,runtime/src/hle/os/os_thread.cpp
0x801AA58C,OS::ResumeThread,0x8004E9F0,matched,fuzzy:0.95,OSResumeThread_HLE_801aa58c,runtime/src/hle/os/os_sleep.cpp
0x801AA6A8,,,missing,,OSSuspendThread_HLE_801aa6a8,runtime/src/hle/os/os_sleep.cpp
0x801AA9B8,OS::SleepThread,0x8004EE20,matched,fuzzy:0.99,OSSleepThread_HLE_801aa9b8,runtime/src/hle/os/os_message.cpp
0x801AAAA4,OS::WakeupThread,0x8004EF10,matched,fuzzy:0.99,OSWakeupThread_HLE_801aaaa4,runtime/src/hle/os/os_message.cpp
0x801AACA8,OS::SleepTicks,0x8004F180,matched,fuzzy:0.97,OS__SleepTicks_HLE_801aaca8,runtime/src/hle/os/os_sleep.cpp
0x801AAD7C,OS::__GetSystemTime,0x8004F260,matched,bytes,OS____GetSystemTime_801aad7c,runtime/src/hle/os/os_time.cpp
0x801AADE0,OS::__TimeToSystemTime,0x8004F2D0,matched,bytes,func_801AADE0,runtime/src/hle/os/os_alarm.cpp
0x801AB75C,OS::SetPowerCallback,0x8004FC80,matched,bytes,OSSetPowerCallback_801ab75c,runtime/src/hle/os/os_interrupt.cpp
0x801AB848,OS::__InitSTM,0x8004FD70,matched,fuzzy:0.99,__OSInitSTM_HLE_801ab848,runtime/src/hle/os/os_init.cpp
0x801AE58C,exit,0x80052460,matched,bytes,Exit_801AE58C,runtime/src/hle/os/os_reset.cpp
0x801B2DE0,SIInit,0x800A3E30,matched,fuzzy:0.94,SIInit_801b2de0,runtime/src/hle/os/os_init.cpp
0x801B3ACC,SISetSamplingRate,0x800A4780,matched,fuzzy:0.88,HLE_SISetSamplingRate_801b3acc,runtime/src/hle/os/os_init.cpp
0x801B90F4,VISetPreRetraceCallback,0x800567E0,matched,bytes,VISetPreRetraceCallback_HLE_801b90f4,runtime/src/hle/vi.cpp
0x801B9138,VISetPostRetraceCallback,0x80056830,matched,bytes,VISetPostRetraceCallback_HLE_801b9138,runtime/src/hle/vi.cpp
0x801B9294,__VIInit,0x800569A0,matched,fuzzy:0.45,__VIInit_HLE_801b9294,runtime/src/hle/vi.cpp
0x801B94A4,VIInit,0x80056BA0,matched,fuzzy:0.91,VIInit_HLE_801b94a4,runtime/src/hle/vi.cpp
0x801B9934,VIInit_caseD_0,0x80057034,matched,label-offset,VIInit_caseD_0_HLE_801b9934,runtime/src/hle/vi.cpp
0x801B993C,VIInit_caseD_1,0x8005703C,matched,label-offset,VIInit_caseD_1_HLE_801b993c,runtime/src/hle/vi.cpp
0x801B9944,VIInit_caseD_2,0x80057044,matched,label-offset,VIInit_caseD_2_HLE_801b9944,runtime/src/hle/vi.cpp
0x801B99EC,VIWaitForRetrace,0x800570F0,matched,bytes,VIWaitForRetrace_HLE_801b99ec,runtime/src/hle/vi.cpp
0x801B9F6C,VIConfigure,0x80057680,matched,fuzzy:0.66,VIConfigure_HLE_801b9f6c,runtime/src/hle/vi.cpp
0x801BA9A4,VIFlush,0x800580B0,matched,fuzzy:0.94,VIFlush_HLE_801ba9a4,runtime/src/hle/vi.cpp
0x801BAAB8,VISetNextFrameBuffer,0x800581D0,matched,bytes,VISetNextFrameBuffer_HLE_801baab8,runtime/src/hle/vi.cpp
0x801BAB24,VIGetNextFrameBuffer,0x80058240,matched,bytes,VIGetNextFrameBuffer_HLE_801bab24,runtime/src/hle/vi.cpp
0x801BAB2C,VISetBlack,0x80058250,matched,fuzzy:0.97,VISetBlack_HLE_801bab2c,runtime/src/hle/vi.cpp
0x801BABA4,VIGetRetraceCount,0x800582D0,matched,bytes,VIGetRetraceCount_HLE_801baba4,runtime/src/hle/vi.cpp
0x801BABAC,VIGetNextField,,missing,,VIGetNextField_HLE_801babac,runtime/src/hle/vi.cpp
0x801BAC48,VIGetCurrentLine,0x800582E0,matched,bytes,VIGetCurrentLine_HLE_801bac48,runtime/src/hle/vi.cpp
0x801BACD8,VIGetTvFormat,0x80058370,matched,bytes,HLE_VIGetTvFormat_801bacd8,runtime/src/hle/os/os_init.cpp
0x801BAD38,VIGetDTVStatus,0x80058430,matched,bytes,VIGetDTVStatus_HLE_801bad38,runtime/src/hle/vi.cpp
0x801D8D30,NHTTPStartup,,missing,,NHTTPStartup_Reentrant_HLE_801d8d30,runtime/src/hle/net/network_config.cpp
0x801D9E94,NHTTPi_GetSystemInfoP,,missing,,func_801D9E94,runtime/src/hle/net/network_config.cpp
0x8020FF9C,EGG::AsyncDisplay::endRender,,missing,,EGG__AsyncDisplay__endRender_HLE_8020ff9c,runtime/src/hle/gx/gx_egg.cpp
0x80218C2C,EGG::Decomp::decodeSZS,,missing,,EGG_Decomp_decodeSZS_80218c2c,runtime/src/hle/egg_decomp.cpp
0x8022E2BC,EGG::LightTexture::SetupTevFinish,,missing,,EGG__LightTexture__SetupTevFinish_HLE_8022e2bc,runtime/src/hle/gx/gx_egg.cpp
0x80242D7C,EGG::TaskThread::Run,0x801C2BE4,matched,fuzzy:0.93,TaskThread_run_HLE_80242d7c,runtime/src/hle/task_thread.cpp
0x8055531C,RelProlog,,missing,,StaticRProlog_RecompModInit_8055531c,runtime/src/hle/os/os_init.cpp
0x80717150,Audio::Manager::Init,,missing,,Audio__Manager__Init_80717150,runtime/src/hle/audio/audio.cpp
0x8071724C,Audio::Manager::InitSelf,,missing,,Audio__Manager__InitSelf_8071724c,runtime/src/hle/audio/audio.cpp
